"id","armA","armB","turnout","partyS","minor","norms","eu","smoke","polar"
3,1,0,0,0,-0.38565680520468,0.39665574964632,1,1,16.1052663229412
15,0,1,1,0,1.25961779424841,1.77734798512676,1,1,36.3624859041007
19,1,0,0,0,1.65298990409474,0.543612375655894,1,0,54.0695847423278
25,1,0,0,0,-1.77875282715881,-0.8791404474249,1,1,NA
28,0,1,1,0,2.74707951964521,1.69254338138956,1,0,72.5491455891849
59,1,0,0,0,1.02176797975007,2.01567775566873,0,0,NA
72,1,0,1,0,-0.869661786199904,1.13992251456683,1,0,63.3025307414746
84,1,0,1,0,0.394247164147467,-0.873584777196089,1,0,61.849801743379
99,1,0,1,1,-0.195647162677836,-0.234722760555946,1,0,74.71008007721
105,1,0,1,1,1.36221038159284,-0.891794830825194,1,0,50.1136314206274
108,1,0,1,0,-0.53937263648241,1.48471871029134,1,0,57.0441889472124
127,1,0,1,0,0.724618093246612,1.50434428705913,1,1,66.4807537485481
129,0,1,1,0,1.15821383675862,0.738704846463411,1,0,55.5690732243156
146,1,0,0,0,0.705809899554071,-0.66556633526613,1,0,70.2706666513857
149,1,0,0,0,1.22354535352875,1.69144791348249,0,0,67.8496867363658
154,1,0,1,0,1.66282089440829,0.326669891672166,1,0,35.1708495762843
160,1,0,1,1,1.98003385722625,1.42950460209257,1,0,65.5849065990422
187,1,0,0,0,-0.161554426394104,1.53639149543795,1,0,39.3338906962581
190,1,0,1,0,2.14982940333633,2.3628130527643,0,0,42.9624399179694
212,1,0,1,0,0.472384442208186,1.45024807139987,1,1,59.2925637560868
213,1,0,1,0,1.99326273820151,0.85654520651918,1,0,41.2438321053872
214,1,0,1,1,0.737220017798902,1.25247285297079,1,1,20.7526231338288
232,1,0,1,0,0.199030298969019,0.238936767166413,1,1,52.6597113543505
235,1,0,1,1,0.939218674388385,0.686205199268424,1,0,54.6649047564651
239,0,1,1,1,1.5101674935351,0.718793890265626,1,1,71.0767752925688
247,1,0,1,1,-0.472031432825727,-0.366958399053025,0,0,48.587998915411
249,1,0,1,0,-0.131951380452261,0.924545436921788,1,1,48.0828655642329
254,1,0,0,0,0.645381419126016,0.317133644546531,1,0,82.3041487161249
263,1,0,1,1,-0.290795269285479,1.32376263474276,1,0,77.5834111215131
265,1,0,1,0,0.969769684592388,2.01857836206317,1,0,14.6404300822243
281,0,1,1,0,0.261998366696334,0.0376616235439617,0,1,NA
285,0,1,1,0,1.21025116947694,1.33402156544047,1,0,63.5666047300988
304,1,0,1,0,0.573986720295187,0.794075949891716,0,0,NA
309,1,0,1,0,-0.25640591064438,0.419929284369872,1,0,27.4892586581571
316,1,0,1,0,1.1055959386808,0.404750267699949,1,0,NA
334,1,0,1,0,1.9349356132608,-0.719850629152442,0,1,NA
336,1,0,0,0,2.51246052751955,1.35311029345238,1,0,53.5860692509502
338,1,0,0,0,0.520557087937102,1.49049623663083,1,1,NA
345,1,0,1,0,2.30708777629306,0.519920076989359,1,1,64.6602710484918
353,1,0,1,0,0.412417073750801,0.342074138269278,1,1,73.9594416259957
355,1,0,0,1,0.604807192528871,1.0874064897789,1,0,61.9370525309273
375,1,0,0,0,1.22572374126417,-0.723489507562632,1,0,NA
379,0,1,1,0,2.67074019126499,-0.390395080232153,1,0,87.978995772601
392,1,0,1,0,1.44041640138719,0.321936904931467,1,0,51.678222011243
402,1,0,0,0,-0.160585842493798,-0.0244073953912988,0,0,14.7319421596284
416,1,0,1,0,0.0313967066811669,1.16745418571789,1,1,79.6367906459361
431,0,1,1,0,1.11177807270153,-2.18594992393695,1,0,42.458337984357
439,0,1,1,0,0.605460080871396,1.53290968372053,0,0,73.6425838682118
446,0,1,1,0,1.44351391116277,-0.809868513726893,1,0,63.289004980869
450,1,0,1,0,2.02486645604959,2.1078802290592,1,1,73.8433497186808
453,0,1,1,0,1.39468007691426,2.46770766826985,1,0,NA
457,1,0,1,0,2.08134504862439,0.756574669389566,1,0,NA
459,1,0,0,0,-0.254117680335947,-2.07943573346327,1,0,23.1772632737227
472,1,0,1,0,0.0247296518244368,2.27642798026723,0,1,26.528164234758
474,0,1,0,0,0.549116040690777,0.437058803962639,1,0,57.2339827952724
485,1,0,1,0,-1.92491796210414,-0.121465178801331,0,0,57.5181100784131
491,0,1,1,0,1.96361085011059,2.13534275370357,0,0,45.6235135418066
500,1,0,1,0,0.434783735999147,1.31899908244685,1,0,66.4223286120194
508,1,0,1,0,0.438638918822961,-1.20938568523282,1,0,NA
513,1,0,0,0,-0.757928144818103,-0.0173660660857559,1,0,30.8269672900034
526,1,0,0,0,1.05414674051453,2.05263928855704,1,0,40.3285917179133
533,0,1,1,0,1.03902866199158,0.700394230999379,0,0,43.6845301675181
544,1,0,0,0,0.0710391490044419,0.417683267972426,0,0,32.5528557622255
546,1,0,1,0,0.765599684130302,0.663491092007539,0,1,57.8511129668019
552,1,0,1,0,1.16324681492923,2.20238014951188,1,1,58.373924675223
563,1,0,1,0,0.923771501528624,0.0995092538586742,1,0,69.1195061037878
580,1,0,1,0,-1.58321149060804,0.340256434511463,0,0,NA
597,1,0,0,0,0.677546991278831,0.666419610855668,1,0,23.0683510120675
609,0,1,1,0,1.08056669034948,1.58719070940212,0,0,43.1583307292
612,1,0,1,1,0.323775670812299,1.36094797450039,1,0,64.1930847102874
623,0,1,1,0,0.871958202546956,1.30487938252567,1,0,41.6840915626561
631,1,0,0,0,1.53782689222695,0.207923729718289,1,0,48.3163831955662
640,1,0,1,0,0.944657166938051,1.39589013878584,1,0,63.8758476483908
645,1,0,1,0,-0.631354979419626,1.60938058117108,1,0,34.2799856653346
646,1,0,0,0,-0.784451349032928,1.51350926438849,1,0,68.6916568532976
652,1,0,1,1,0.428572246759313,1.10775329084172,1,0,47.9867116679495
655,0,1,1,0,0.276189612288399,0.367119815066329,0,0,18.6664407230899
657,1,0,0,0,-0.161291109685432,-0.190127510645516,1,0,55.6803287137419
658,0,1,0,0,0.369243136571425,-1.22746060311036,0,0,34.5463664959037
662,0,1,1,1,-0.56629201722236,1.36878954638126,1,0,59.1083183837561
669,1,0,1,0,-0.536001814175524,0.106084115116815,0,0,34.119294249996
670,1,0,0,1,-1.07649207429507,0.721295524221453,1,0,37.8974441337838
686,1,0,0,0,2.01165917586712,0.871100320651954,1,0,37.0828032411045
689,1,0,1,0,1.35226191620893,2.08970561266899,1,1,40.0112377691901
691,1,0,1,0,1.41297509196183,-0.630484698816653,1,0,27.9697891469006
692,1,0,1,1,-0.946136871216167,0.904073176076965,1,0,49.1627761459037
693,1,0,1,0,0.889264736049241,1.84296210129057,0,0,NA
694,1,0,1,0,0.391985225429534,-1.16141902925269,1,0,89.3284180483621
718,1,0,1,0,-0.223110773517196,-0.54692667477198,1,0,14.1888964643973
729,0,1,1,0,1.85303693813666,0.476528033454013,1,1,75.9478900051377
733,1,0,1,0,0.357969298865737,-0.551154939828287,1,0,NA
776,1,0,1,0,-0.410077148937092,0.313151343857088,0,0,28.5391554977916
780,1,0,1,0,-1.01928133377277,-1.57294699092994,1,1,NA
785,0,1,1,0,0.715288687420121,-0.797055832357016,1,0,72.2903849655186
793,0,1,0,1,0.737873016787193,0.60732121814865,1,0,63.7638825764078
803,1,0,0,0,2.68392136226348,0.125943900355071,1,0,28.5766737943018
812,1,0,1,0,1.11888426565828,0.770622291539511,1,0,65.9312604130977
829,0,1,1,0,-0.97364705434255,3.31757266021734,1,0,76.9000293747673
830,1,0,1,0,1.54231916247336,1.71326265806655,1,0,61.8432062622163
834,1,0,1,0,0.574271854168922,1.18762159917794,1,0,55.1540105655676
842,1,0,0,0,0.959699855762812,-0.21012538705795,0,0,NA
843,1,0,0,0,-0.487809313970569,-0.620784879656238,1,0,NA
847,1,0,1,0,2.39517403570366,2.09208820789742,1,1,37.6804529807124
879,1,0,1,0,-0.0574349650360724,0.462570262680877,1,0,47.0145289481505
885,0,1,1,0,-0.508372522476009,1.11730415148275,1,0,51.0339727944505
893,1,0,1,0,2.18730369132532,-0.65090233124936,1,0,NA
901,1,0,0,0,1.67605511446593,1.33539288514243,1,0,60.6696586847407
913,0,1,1,0,3.03985903739343,2.51923041708988,1,0,NA
915,1,0,1,0,1.49750629881014,-0.344770478054184,1,0,19.5554897340353
930,1,0,1,0,1.04918069760735,-0.705067011541362,1,0,30.5405542943882
961,1,0,1,0,0.341888561157509,1.01582585139912,0,0,54.6304827297483
967,1,0,0,0,1.27737869702094,0.85268284946954,1,0,49.3166922190131
975,1,0,1,0,1.22159487757493,0.398943330096899,0,0,44.4845626523622
977,0,1,1,0,-0.126436631088708,0.304895470247106,0,1,47.6046138705872
980,1,0,1,0,3.32916686260607,0.903289771611933,1,0,NA
982,0,1,0,1,0.348533372323922,1.46664218344516,1,0,58.587635586434
987,1,0,0,1,1.64374108463218,-1.0092748066,0,0,NA
995,1,0,1,0,0.0512598601441747,0.559616815860001,1,0,70.3971095008592
998,0,1,0,0,0.0629110899490282,-1.28216385947866,0,0,NA
1004,1,0,0,0,0.833523411028051,0.944739973226284,1,1,NA
1018,1,0,1,0,1.42335727803739,1.05238078117589,1,0,70.580456143357
1026,1,0,1,0,1.30355198777715,0.788208730960005,0,0,54.6540160641373
1029,1,0,1,1,1.05259917226742,-1.36989678035452,1,0,NA
1032,1,0,0,0,0.656475268180525,0.433546977426608,1,0,47.4294199190603
1046,1,0,1,0,2.98871578838234,2.27814644808965,1,0,52.1072793627857
1059,1,0,1,0,1.00790092194614,0.166247101775114,1,0,56.9872334527642
1066,1,0,1,0,-0.703290188635836,-1.7867997879408,0,0,NA
1084,1,0,1,0,-1.2528690814537,0.651460415177858,0,0,55.5817971234043
1091,0,1,1,0,1.25365002338852,2.7180078917411,1,0,57.2839559592039
1103,0,1,0,0,1.86975289142664,-0.813643047592261,1,0,NA
1112,1,0,1,0,0.60650688363206,0.103232154418492,1,1,NA
1114,0,1,1,0,3.95182924921612,0.952322321870537,1,0,66.5097435158368
1117,1,0,0,0,-0.747563980582203,-1.4485005947363,1,0,18.6072139268298
1123,1,0,1,0,0.610169376704916,0.248787515662841,1,0,95.1354044778626
1125,1,0,1,0,0.316693341290494,0.353804530412308,0,0,66.7992704639716
1131,0,1,1,0,2.06580154952362,3.71727025661715,1,0,42.7579897980266
1136,1,0,1,0,1.68421044564598,0.0679302949532272,1,1,37.1485622986782
1140,1,0,0,0,0.928410917130091,2.61366815312669,0,0,33.2703020724206
1144,0,1,1,1,1.31730180268208,0.979131813311067,1,0,67.8209761812497
1148,0,1,0,0,1.60711479664032,0.855449902419814,1,0,70.1095611377082
1150,1,0,1,0,0.99138326155962,0.468398646133241,0,0,27.6401368996495
1152,1,0,0,0,0.831535059868389,-0.232398372379119,1,0,NA
1155,0,1,1,0,0.657881130247838,-0.514673594999764,1,0,25.0464243378671
1158,0,1,1,0,0.431138329086403,-0.264513351587038,1,0,NA
1163,1,0,1,0,-0.0921970120457227,1.80032043280854,1,0,62.5300172910386
1182,0,1,1,0,0.920865959094283,0.44152819038296,1,0,41.8418536777587
1188,1,0,1,0,3.80691205957763,2.21923553017982,1,0,47.3705746473245
1189,1,0,1,0,-0.914707884612639,2.4618404965622,1,1,1.41330849300059
1206,1,0,1,0,0.696836456531017,0.540737287632768,0,0,37.354642787661
1236,1,0,1,0,2.18212596255051,1.03088123169907,1,0,57.2986898957477
1241,1,0,1,0,1.21959863846432,0.57978992551307,1,0,46.8996695022449
1253,1,0,0,0,-0.173739610986063,1.21183263395853,1,0,56.7139671417413
1265,1,0,1,0,1.04605775330666,0.305020688818675,1,0,66.9584223626242
1266,1,0,0,0,1.91143829289671,0.806044433403998,1,0,45.2738299333711
1271,1,0,1,0,-0.137866382878594,-0.336858737624499,1,1,59.270929976016
1281,0,1,0,0,1.66806279199665,-0.335966857697865,0,0,49.0831460173653
1290,1,0,1,0,1.44758591833307,-0.897889975787518,1,0,NA
1298,1,0,0,0,0.94556017310119,1.20053863174737,1,0,64.9857657424294
1299,0,1,1,0,0.401271305471234,2.09186707200106,1,0,65.6876081866585
1301,1,0,1,0,1.30431753856253,-1.19309077658595,1,0,54.3874155707524
1314,1,0,1,0,-0.808150355808636,0.820697148378959,1,0,NA
1316,1,0,1,1,-0.0982444084197605,-0.00414330347331279,1,1,-4.39462302667579
1332,1,0,1,0,0.24991299345524,0.878839915407681,1,1,42.7656248128208
1356,1,0,1,0,1.26741890093121,2.11221187869753,1,0,36.5149598902539
1366,1,0,1,0,1.62717460525114,0.326439952797242,1,0,41.9097204811419
1370,1,0,0,0,-0.535761338805781,-0.276674491814166,1,0,67.9002008155963
1376,1,0,0,0,-0.348043167352289,-0.233888647997575,0,0,50.7329395540086
1382,1,0,1,0,0.285163115852529,-0.241463289166338,1,1,60.2827172660519
1388,1,0,0,1,0.534179108684975,2.73813023518062,1,1,NA
1390,1,0,0,0,-0.723744555908017,-0.790005448677746,1,1,NA
1393,0,1,1,0,-1.49032414121652,-0.0877529099982929,1,0,NA
1402,1,0,1,0,1.42677688315277,1.87640909378066,1,0,66.3028896772361
1404,1,0,0,0,0.0384037531621608,-0.107745770263567,0,1,5.11965951883174
1405,1,0,1,0,0.174655205877246,-0.691718535463345,0,0,32.2936859477117
1413,1,0,0,0,0.0414504186360542,0.763371857846946,0,0,NA
1418,0,1,0,0,-0.207831188093389,0.717450850693471,1,0,NA
1426,1,0,1,0,1.37040136604781,2.24440309715515,1,0,NA
1431,0,1,1,0,2.16069950425783,2.02668658596636,0,0,61.8925937791046
1433,0,1,1,0,1.26169392763302,-0.876370348794775,1,0,NA
1434,0,1,1,0,-0.558220390083952,-0.0821846125682879,1,0,61.1661863657696
1444,1,0,1,0,-0.226083930740437,-1.69761659967814,1,0,NA
1461,1,0,1,0,2.54776254450052,2.69586812773562,1,1,17.7421799454391
1464,0,1,1,0,0.804386797225515,-0.0315506988873158,1,0,29.9720119094987
1471,1,0,0,0,0.40504752319303,0.874176938543547,1,0,NA
1478,1,0,1,0,1.56358670827648,1.49738813935972,1,1,77.1092336540971
1494,1,0,1,0,1.6861015415967,0.143853687976699,1,1,56.5371998392275
1496,1,0,0,0,0.392599406716747,-0.81498456551186,0,0,41.0761937279334
1508,1,0,1,0,2.87138125882453,0.00762258628199763,0,1,48.5431617139534
1518,1,0,1,0,0.679548624641577,3.44594707981987,0,0,40.7227754934489
1524,1,0,0,0,1.4790048786311,-0.305424688770957,1,0,49.7884140555265
1534,1,0,1,0,2.71705796850836,0.911811337041638,0,0,61.0195496457364
1540,1,0,1,0,-0.238938052410875,-0.0135209176384593,1,1,66.8313728716446
1562,1,0,1,0,0.640581441413014,0.82671836420358,1,0,NA
1565,1,0,0,0,1.92540068466449,1.16547355018584,1,0,NA
1567,1,0,0,0,0.382791625654608,1.4916858719814,1,0,NA
1569,1,0,0,0,1.2265733053354,-0.0607646277707202,1,0,42.7800317325386
1582,1,0,1,1,0.554427270806539,2.07419700292564,1,0,37.5440920339985
1587,1,0,1,0,1.52381598036664,-0.255837740769342,0,0,NA
1588,1,0,0,0,-0.0688970531156955,0.266385517282076,0,0,49.0217164134182
1592,1,0,0,0,-2.53764031269946,1.10339220281073,1,0,28.7090535167567
1602,1,0,1,0,0.226885734355447,1.2941563966454,1,0,41.4225204403544
1609,1,0,1,0,1.90397966521774,0.45932940135566,0,0,16.7241780561971
1624,1,0,0,0,1.27400891896039,0.680097258292794,1,0,83.4484831177259
1631,1,0,1,0,0.531782032832817,1.76673961916421,0,0,40.6816994626032
1633,1,0,1,0,2.18481777567802,1.13008587541735,1,0,71.8122697837645
1634,0,1,1,0,0.33640719257908,0.197748749760438,1,0,65.953354834831
1655,0,1,1,0,0.519068859639575,2.68906298088577,1,0,68.8600379192431
1658,1,0,1,0,0.212661523321164,0.816753466105584,1,0,NA
1669,1,0,1,0,-0.656282218690292,1.80444032237132,1,0,NA
1686,0,1,1,0,2.48242514478496,0.0637688475585863,1,1,80.3603309786139
1688,1,0,1,0,0.0910001158393388,-1.52925553884261,1,0,NA
1697,1,0,1,0,0.474220918535334,1.81109753690045,0,0,31.733836909195
1700,0,1,1,0,-0.0247507100680093,-1.25769191514464,1,0,43.0712358553214
1706,1,0,1,0,-0.302235438172308,0.638915612539415,0,0,NA
1710,1,0,1,1,1.60660085389843,-0.450400554550749,1,0,50.3405719224985
1746,1,0,1,0,0.0979791295646846,0.363320813870309,1,0,33.5887170690569
1749,1,0,0,0,0.0240134175804165,-0.346741983087252,1,0,80.0987792984903
1758,0,1,1,0,0.657573774568122,-1.07168152969269,1,1,46.2424518014087
1769,1,0,1,0,1.82581812672075,1.41518228699704,1,0,63.6805856846213
1774,0,1,1,0,-0.87423991644108,-0.364307672418354,1,0,49.9304679000968
1784,1,0,1,1,0.990891518420664,-1.6825272671616,1,1,NA
1803,1,0,1,0,-0.633292634329852,-0.554060018064598,1,0,41.2588873402378
1804,1,0,0,0,2.58874025333752,1.50535578710881,1,1,50.4489954179227
1805,1,0,0,0,-0.717666632484225,-1.50226017555964,1,0,55.6690979754656
1819,1,0,0,0,-0.682792430496545,0.813796242073968,1,0,56.5670486001472
1820,1,0,1,0,-1.3092401174345,1.77518683709437,1,0,61.1155561677866
1832,1,0,1,0,2.56887171435002,0.0344905292552191,1,0,NA
1838,1,0,0,0,0.997803971335736,0.394002362971746,1,0,52.5533341191663
1839,1,0,1,0,2.57883617242461,-0.444776638640442,1,0,NA
1845,1,0,1,0,2.08366011049074,0.712758769123504,1,0,44.3182222690854
1848,1,0,1,0,-1.88441528879425,0.45558939327825,0,0,NA
1874,1,0,1,0,2.1676425178075,-1.35366469598641,1,0,NA
1881,1,0,1,0,0.534445035442653,0.630340685401447,1,0,46.9270035180395
1882,0,1,1,0,0.181249653687573,1.03641274617494,1,1,37.9068597843243
1918,1,0,1,0,0.729726235234844,0.432978546207068,1,0,58.4511020710358
1926,1,0,1,0,1.9826553621027,1.75910442430136,1,0,52.8819280285169
1932,1,0,1,0,0.747638172253248,-0.664011635840904,1,0,31.6809474583986
1951,1,0,0,0,0.754730541869842,1.54958618926729,1,1,23.6618500367659
1960,1,0,0,0,2.4267167515892,2.28551887444481,1,0,46.1212051888587
1961,1,0,1,0,0.00198692970327502,0.381860641793255,0,0,33.1895518514551
1967,1,0,0,0,0.0896127924044173,1.49105409823573,1,0,28.8976090916612
1980,1,0,1,1,-0.631270222986853,0.6025465177226,1,1,57.2433787374232
1984,1,0,1,0,-0.975307862908816,-0.467174041456452,1,0,53.8020431570317
1985,1,0,1,0,0.197179700332779,3.21905164975691,0,0,58.4512785553892
1993,0,1,0,0,-0.28055442263773,1.86998836319338,1,1,68.9824618945987
1997,1,0,1,0,-0.590779981703878,0.137527346453396,1,0,33.074164529357
1999,1,0,1,0,1.39324009821427,1.37807079466582,1,0,28.3067571719184
2001,1,0,1,0,0.788365854923802,1.7204227379562,1,0,56.549326805105
2010,1,0,1,0,3.1866483059683,0.469114895115092,1,0,NA
2011,1,0,0,0,-1.28461003162221,0.725486054294326,1,0,9.48810389061926
2012,0,1,1,0,-0.947793804458828,1.37209419999195,1,0,87.7335007152866
2024,1,0,1,0,0.176261957494999,-1.03580954073023,1,0,67.7781647689262
2027,1,0,1,0,0.377820886468572,0.685421021429326,1,1,NA
2033,1,0,0,1,-2.50016893766119,-0.286620594531406,0,1,NA
2044,1,0,1,0,0.942676962264865,0.849328852825612,1,0,53.3664721148768
2045,1,0,1,0,0.641073575126783,-0.226780258915379,1,0,59.2358295091682
2047,0,1,1,0,1.41143888843816,1.22879529720376,1,0,27.6583500256792
2055,1,0,0,0,0.305600522766755,-0.272942414944228,1,1,NA
2082,1,0,1,0,-0.827440403544419,0.293125485745934,1,0,NA
2087,1,0,0,0,1.38239570146067,1.78853405783265,1,0,31.2692040634906
2111,1,0,1,0,1.99762962663841,1.20455427544794,1,1,84.4203120158827
2112,1,0,1,0,0.2581372769312,0.0303677853392256,1,1,78.3182371175727
2119,1,0,0,0,1.44898189578711,2.28015303024072,0,0,50.1031108595812
2129,1,0,1,0,0.303057398901388,0.491317924034466,0,0,67.9394274989023
2144,1,0,1,0,1.06606297117197,1.44102135367766,1,0,35.2729776675963
2150,1,0,1,0,1.10461757177048,-0.340286323146299,1,0,41.7926425724518
2151,0,1,1,0,-0.684793570492617,0.22313701904988,1,1,39.1924000604588
2160,1,0,0,0,0.295816126149347,1.90462355455816,0,0,35.7625465880786
2166,1,0,0,0,1.65625945356302,2.83379480890797,1,0,NA
2172,0,1,1,0,1.75699241570858,1.35435515450806,0,0,24.5358318169389
2182,0,1,1,0,1.41002144240941,0.541311972077833,0,1,81.5397277983854
2183,0,1,0,0,1.62337933176002,1.56066674528724,1,0,38.8103115633983
2196,1,0,1,0,1.82344379393542,0.919951395879744,1,0,68.1340522930329
2201,0,1,1,0,2.05410865837546,0.284616817771885,1,0,64.7857954846929
2204,0,1,1,0,1.2535642008069,0.0799965700692534,0,1,36.4037410832103
2209,1,0,1,0,2.45239879627511,-0.0223132032984853,0,0,NA
2225,0,1,1,0,0.861186925550231,0.327633336173269,1,0,64.7484231460693
2239,1,0,0,0,0.86991039945001,1.69835699180736,1,0,53.5371756430553
2240,0,1,1,1,1.50110835981454,1.16130801956064,0,1,43.4432355980572
2242,0,1,1,0,0.868314133223938,-0.35649387169461,1,0,63.2821523787911
2244,0,1,1,0,3.22638468339006,1.2796755455567,1,0,49.8736995978926
2266,0,1,1,0,1.21943561748405,0.104836667295188,1,0,NA
2267,0,1,1,0,2.02530177680137,1.25507285746859,1,0,61.0014119061601
2268,1,0,0,0,-0.802509512995134,0.334438528244583,0,0,41.0054467967178
2271,0,1,1,0,0.378530865384548,-0.182237945904947,1,0,38.7270242422316
2274,1,0,1,0,1.79644011470903,1.6152300601567,1,0,NA
2277,1,0,1,0,-0.253453166688481,1.25140821747534,1,1,NA
2279,1,0,1,0,1.15075862381208,0.735016081050025,0,0,NA
2282,1,0,1,0,0.962180995012447,-0.545727100115142,0,0,46.6135977705918
2291,1,0,1,0,-0.723784604417916,2.34121125059866,1,1,70.9626069016769
2295,0,1,1,0,2.57023819633513,0.728525334908128,1,0,86.2049303171611
2296,0,1,1,0,1.21091026248467,-0.0940418695035707,0,0,69.6504429263387
2300,1,0,1,0,0.927697130519573,0.988340687058898,1,0,39.9297062361036
2307,1,0,1,0,0.0911175966207003,0.601361448665952,1,1,68.3923739686318
2317,0,1,1,0,2.548092646715,0.369893461182231,1,1,55.0392085127481
2325,1,0,0,0,2.07769214895637,1.09687243506459,1,0,33.8666296870848
2340,1,0,1,0,1.78633750117228,0.653947346756162,1,0,52.2837443795316
2346,1,0,1,0,-0.262111278076056,0.206826466659117,1,0,37.8910628740998
2362,0,1,1,0,1.76501659117254,0.313140136339875,0,1,35.9885847812534
2368,0,1,0,0,-0.853411889274711,-0.728636936400684,1,0,61.3795451176824
2371,1,0,0,0,0.101653914994114,2.48255409947483,1,1,24.5393637458498
2376,1,0,0,0,1.08819484787475,0.474587119506266,1,0,39.6194785307183
2396,1,0,1,0,1.25521078006327,2.50478993332024,1,0,NA
2399,1,0,1,0,2.54053757926215,2.72378476622672,0,0,67.3136992957904
2405,1,0,1,0,0.731212840513247,-0.816647737739197,1,1,48.4514282501339
2406,0,1,1,0,2.25457676353267,1.99599614508601,1,1,54.6367325691514
2418,0,1,1,0,2.13661314233946,1.92014458370209,0,1,31.4071928048028
2428,0,1,0,0,0.326131915080865,-1.15300629237586,1,0,NA
2433,1,0,1,0,0.262626572484624,-0.181545979473332,1,0,39.3709967725921
2438,0,1,1,0,-0.584592329404885,2.51921497537528,1,0,78.7156349581769
2442,0,1,1,0,1.07701602598076,-0.135519959879413,1,0,NA
2443,1,0,1,0,1.49830040200491,1.58399188599477,1,0,61.4211696607917
2444,1,0,0,0,-0.722190427160843,1.65857530783627,0,0,73.4828345231614
2456,1,0,0,0,-1.33718971860733,0.998435066297901,1,0,NA
2461,0,1,1,0,2.8895308185467,0.1686422338733,1,0,43.4084175788854
2466,1,0,1,0,0.422288968921806,-1.50785664421352,1,1,30.1373386199951
2469,0,1,0,0,-0.380261233960455,-1.1292336525197,1,1,-8.29343383086418
2471,1,0,0,0,-1.15646008256379,1.12398445447548,0,0,43.1548648508529
2482,1,0,0,0,-0.345461347463597,1.10984923909617,1,0,27.3840683467505
2487,1,0,0,1,-0.641916649539489,-0.223940172825056,1,0,NA
2495,1,0,1,0,2.10452332781442,1.64539835185741,1,1,62.9198740947872
2509,1,0,1,0,0.865462627066362,0.253224742974809,1,0,46.6404962643648
2519,1,0,1,0,2.61168819486413,2.87452994353298,1,0,33.5642908711974
2526,0,1,1,0,-0.521249959468792,0.583750817783704,1,1,NA
2530,1,0,1,0,0.509101133125251,1.04822236882888,0,0,24.5938277212871
2533,1,0,0,0,-0.109083727904982,1.75704127184987,1,1,NA
2543,0,1,1,0,2.15150961393349,2.82919555422065,1,1,26.4474816800358
2552,1,0,1,0,1.17255917897935,-0.40946768714311,0,0,45.4701725258754
2557,1,0,1,0,0.660466696998228,-0.149482506513182,1,0,28.6950720636047
2561,1,0,0,0,1.35762980382041,-0.0122831953724011,1,0,NA
2569,1,0,1,1,1.66358876316858,0.960010867929578,1,0,NA
2577,1,0,1,0,1.36873144510071,-0.0236988188808149,1,0,71.7281423077594
2594,1,0,0,0,1.76815957622532,-0.974145927198696,0,1,NA
2599,1,0,1,0,1.23923710071643,1.59671336712535,1,0,86.8321511401348
2602,1,0,1,0,0.741298466901961,-0.73512774886591,1,0,NA
2605,1,0,1,0,1.62726785967802,0.33696057024897,1,0,NA
2611,1,0,1,0,-0.632998236542134,0.0625351313350598,1,1,16.3380143232759
2613,1,0,1,0,1.84663970395765,1.6034813783165,0,0,30.8449464577925
2631,0,1,1,0,2.10163576578037,0.322201513917416,1,0,NA
2648,1,0,1,0,1.33963811670279,-0.187015953956657,1,0,58.6965904643059
2665,0,1,1,0,0.0594401864339129,1.50617059452503,1,0,37.6651396574003
2668,1,0,1,0,1.51171142660749,1.38507746321457,1,0,57.4920922008517
2672,1,0,1,0,0.526487007509865,-0.71059356020919,1,1,40.1969388073847
2685,0,1,0,0,0.647076390309591,-0.471674206242095,1,0,49.0811393442403
2691,1,0,0,0,0.0357015081548285,0.161511044296177,1,1,48.9791604564656
2693,0,1,1,0,-0.148793731782501,-0.994199582010318,1,1,38.7790265378855
2694,1,0,0,1,-0.673857095772077,1.76226429059712,1,0,NA
2708,0,1,1,1,-0.378496645339204,1.33191213354351,0,1,40.9725666177877
2724,1,0,1,0,2.42135863527151,0.433597448391205,1,0,61.0308185731597
2741,1,0,1,0,0.353776820122124,-0.868161775368891,1,0,NA
2745,1,0,0,0,0.603421390347075,1.10497567283938,1,0,NA
2746,1,0,0,0,-0.630717698952756,0.481649142545069,1,0,34.8704081735057
2752,1,0,1,0,1.11967025295552,0.75775246401355,1,0,35.8844225951656
2769,1,0,0,0,0.965463816919446,-0.0155885582847163,1,0,58.2245919904737
2771,1,0,1,0,0.873221005698288,1.99768466537971,1,0,77.0840953407109
2778,0,1,0,0,2.43082750685914,0.947163338341894,1,0,43.9917630979287
2786,1,0,1,0,-1.13654979593361,0.969280085186526,0,0,-10.5466395628571
2790,0,1,1,0,2.25196292394739,0.459499903498708,1,0,43.412510380726
2792,1,0,0,0,0.39561343612568,-0.0124659645004872,1,0,NA
2819,1,0,0,0,-0.0835755705308612,-0.328612148046221,0,0,30.908131249712
2821,0,1,1,0,1.22374615194339,0.21725064184782,1,0,46.9971787408524
2825,0,1,1,0,2.00165935883091,0.993055765108385,0,0,67.3089778388459
2828,0,1,1,0,-0.801544299734583,0.520446303795373,1,0,50.5721710440368
2842,1,0,1,1,1.60688238653753,-0.0519821303976891,1,1,47.0456783333912
2843,0,1,1,0,0.60318791052165,0.415685917773753,0,1,43.0129585249765
2846,1,0,0,1,-0.0177847253727401,1.37540174121212,1,1,31.4040485536317
2847,1,0,1,0,1.17086013769254,-0.671194612861942,1,0,NA
2848,1,0,0,0,-0.371470413986106,-0.659089479121322,1,0,56.3438290761571
2851,1,0,1,0,0.865827307240928,0.697031408747126,1,0,71.8049804452089
2866,1,0,1,0,0.945007600930454,0.950836167229188,1,1,27.3879772238372
2876,0,1,0,0,-1.08711002362819,1.32706669528796,1,0,45.5582412833744
2877,1,0,1,0,1.64181045707557,-1.22915459303074,1,0,60.554716439309
2882,1,0,0,0,-0.635925289777245,0.277761947186358,0,0,25.2334710835622
2892,0,1,0,0,-0.732196037300665,0.339605134665092,1,0,59.7581907759347
2900,1,0,0,0,0.821885183868755,-0.433465362347233,1,0,26.5883592484961
2905,1,0,0,0,0.543875020377054,1.24106432133986,1,0,60.4611559544201
2913,1,0,1,0,0.357592904140911,1.03251242856062,1,0,62.7909696455378
2921,1,0,1,0,-0.11842544246998,-0.475609915095747,1,0,NA
2926,0,1,1,0,0.581117052532844,1.06555322766425,1,0,51.7052931186591
2932,1,0,1,0,-0.451125421879117,1.65579283357223,1,0,NA
2933,1,0,1,0,2.33475267740869,1.75277296427719,1,0,88.0818269161131
2939,1,0,0,0,1.34719878564393,-0.382163092353809,1,0,NA
2941,1,0,0,0,2.55668806459373,-0.614823339036757,0,0,3.33466021013552
2945,1,0,0,0,-0.283045576741337,0.78825279950077,0,0,NA
2948,1,0,1,0,0.29337519345676,1.39018452096289,1,0,NA
2950,1,0,1,0,-0.6519166186312,1.82958314315244,1,0,49.9552766190059
2951,1,0,0,1,1.47759558817931,-0.338919232825033,0,0,67.5422015801754
2956,1,0,1,0,1.05128790032977,0.9934785378343,0,0,43.0697834224314
2963,0,1,1,0,2.88779984547218,1.11553147760614,1,0,57.6711717210866
2968,0,1,1,0,1.25318559722896,-0.508671037096119,1,0,50.9182077657905
3000,1,0,1,0,2.6449659189851,1.66009460200285,1,1,79.9045916631927
3004,0,1,0,0,-1.01353174693409,0.997346853273443,1,0,88.2891392961611
3010,1,0,1,0,0.649662638505079,0.766157021437115,1,0,65.6703367020513
3011,1,0,1,0,1.79606337655577,2.95556809326321,0,1,67.7957853874313
3014,1,0,1,0,-0.664466484415465,0.836766955355862,0,0,NA
3017,1,0,1,0,0.594437696907374,3.65970129130047,1,1,91.9841051899604
3025,1,0,1,0,0.558643412339562,0.932664438107093,0,1,NA
3030,1,0,0,0,1.12074085797318,1.75838121010261,1,0,46.3156038828212
3032,1,0,0,0,1.83037377932613,0.10406091007038,1,1,53.376500044657
3036,1,0,0,0,-2.77296278254414,0.530201532935103,1,0,NA
3038,1,0,0,0,1.06872296002946,1.15327998305448,0,0,NA
3042,0,1,1,0,0.51212847299575,0.232416558368061,1,0,NA
3045,1,0,0,0,0.785067800039771,1.40010364130467,1,1,33.5705478091503
3046,1,0,1,1,1.2759499149324,-0.060133987367877,0,0,NA
3048,1,0,1,1,1.24361829923332,1.46222900304767,1,0,NA
3049,1,0,0,1,2.51831706594228,0.372731991742342,1,0,NA
3050,1,0,1,0,-0.459326724844654,0.909379136625562,1,0,47.9802015091878
3051,1,0,1,0,3.14297221739253,2.15461518850722,1,0,96.0528873641184
3052,1,0,1,0,1.91325574491883,0.387840112320174,1,0,NA
3057,1,0,1,0,-0.423331748568622,0.29033997310117,1,0,62.7216131702239
3061,1,0,0,0,0.342283008075542,0.0984255291779085,1,0,66.0724009321953
3066,1,0,1,0,-0.433683467689358,2.69619799503434,1,0,72.7574323629144
3078,1,0,1,0,0.244711436051494,2.49529485526955,1,1,NA
3093,1,0,1,0,2.60338121622266,0.867345088683107,1,1,95.9676550255905
3098,1,0,0,0,-1.99715243210304,0.294343946916678,0,0,-7.52671872529506
3101,1,0,1,0,2.80308453393663,3.60086753200732,1,0,53.2976289839479
3104,1,0,0,1,0.881019391829345,1.04985872267403,1,0,38.3749317941375
3106,1,0,1,0,1.02536067141429,0.393511720760506,1,0,NA
3109,1,0,0,0,1.41855083019797,0.591393382398968,1,0,9.44510873499464
3113,0,1,1,1,-0.743573518279393,1.2965275255704,1,0,35.3620518897887
3128,1,0,1,0,0.771149606122182,0.36494020163815,1,1,58.7174179753214
3133,1,0,1,1,-0.334041090366766,0.801182354687192,1,0,26.8018523327466
3138,1,0,1,0,-0.478397561866836,0.770115264175799,0,0,56.0963411511343
3140,0,1,0,0,1.68492553059263,2.26331302236182,0,1,NA
3143,1,0,1,0,1.71473688206032,1.93083873343712,1,0,50.8103094857024
3147,0,1,1,0,-0.362690615986708,1.82451434246488,1,1,93.4151523297352
3148,1,0,0,0,2.05169497470949,0.313924467905361,0,1,22.5662408280246
3157,1,0,1,0,0.973957026277672,1.86448002230048,1,0,72.2702395571964
3172,1,0,0,1,-0.732870205670865,-0.196148527036905,1,0,NA
3185,1,0,1,0,-0.189803716639474,-0.362940335415504,1,0,42.8454517200068
3189,1,0,0,0,-0.151665165564647,-0.344440304493336,0,0,NA
3201,1,0,1,0,0.265233018705,1.71917792380837,0,1,38.8400552642469
3207,0,1,1,0,-0.589659777623261,0.99178194105044,1,0,45.3551689814113
3208,1,0,1,0,1.38993265021276,0.740411097926889,1,0,NA
3213,1,0,1,0,2.31540016547942,2.13416804721313,1,0,56.0533446582043
3220,1,0,1,0,-1.17346894598352,1.03850115382039,1,0,47.4802679711789
3228,1,0,1,0,1.00547294679396,1.6759773180777,1,0,62.9596912906216
3235,0,1,1,0,-0.497810309220154,-1.22839359159458,0,0,40.1583640796164
3237,1,0,0,0,1.79855142693995,1.65655742394308,1,0,NA
3242,1,0,0,1,-0.696832079440066,-0.420952613203984,0,0,40.6601598842172
3246,0,1,1,0,1.59186028096132,0.0672168923255552,1,0,52.6449868849452
3249,1,0,0,0,-0.0664904009618458,0.580172900135686,1,0,55.7750736894023
3251,1,0,1,0,0.711165055453205,0.63662507704513,1,0,NA
3257,1,0,1,0,1.07507900073187,2.75791160562079,0,0,45.0104316638214
3259,1,0,1,0,0.949009882531805,1.46789975004964,0,0,63.05813220546
3268,0,1,1,0,2.26211010226695,1.04771038309631,1,0,81.2990286553801
3274,1,0,0,1,0.607901937991437,0.936825240973072,1,0,54.4416702529943
3294,1,0,1,0,1.29703422130917,-0.132707332872847,1,0,47.849324400737
3295,1,0,1,0,1.9814939053636,1.93700061262887,0,1,NA
3297,0,1,0,0,-0.210054399812866,1.16000105543052,0,0,32.1137598924717
3300,0,1,1,0,3.41743768103535,0.344952458128778,1,0,NA
3330,0,1,1,0,-1.05853786858003,-0.897073851139078,1,1,51.209943662414
3341,1,0,0,1,-0.802479286310513,0.470012103018768,1,0,52.3140963357959
3389,1,0,1,0,0.83670929280696,1.59315738248934,1,0,51.8088948011159
3390,1,0,0,0,-1.54413324169177,1.91497368892165,1,0,NA
3416,1,0,1,0,1.57493843830425,1.63495278819158,1,0,74.9867068273082
3422,1,0,1,0,-0.374232481278475,-0.409996153901376,1,1,45.235172293028
3438,1,0,1,0,1.38371912470404,1.87735051227667,1,0,70.8719696115662
3447,1,0,1,0,0.22065039847165,-0.266985900790368,1,0,70.4657573514316
3448,1,0,1,1,2.32586397982934,0.494440203192262,0,0,58.9961900874697
3451,1,0,1,1,0.479695204044262,1.31039033889482,1,0,56.3470659441913
3462,1,0,0,0,0.0185891756112956,0.211381705997801,1,0,37.1536543415114
3471,0,1,1,0,1.10187315544671,0.590543232504128,1,0,103.120318667114
3480,1,0,1,0,-0.588643772250255,-1.65142978828046,1,1,28.9744426648936
3481,0,1,1,1,2.7075202724832,0.919593878337875,1,0,63.8558899220411
3485,1,0,1,0,2.48857468257871,2.16441363349525,1,1,31.4574730623381
3486,1,0,0,0,-0.968802061594935,0.752469086658168,0,0,31.3191715393907
3487,1,0,1,0,-0.448096458268022,-0.700813675488395,0,1,23.4211066070362
3508,0,1,1,0,-0.761246956836091,-1.10099206303926,1,0,24.3892956336773
3510,1,0,0,0,0.255215938580274,-0.100988559302566,0,0,NA
3511,0,1,1,0,1.16539474768262,-0.804563259342851,1,0,33.6903836522714
3517,1,0,0,1,0.934750023293337,-1.26028128871354,1,1,NA
3526,1,0,0,0,-0.0802615717716126,0.622467183266807,0,0,NA
3529,1,0,1,0,0.905277732299903,0.576500532954533,1,0,42.5653043033983
3530,1,0,1,0,-0.626336997509552,1.59395886626039,0,0,64.4141580530742
3533,1,0,1,0,0.292372587408015,1.31866893970613,1,0,47.3294912622075
3535,1,0,1,0,0.157719003281832,-0.675546258583692,1,1,72.2412611045911
3540,1,0,1,0,-1.23741110989072,-0.841377591025032,1,0,11.2426566741115
3548,1,0,1,0,-0.00154222242435631,1.24073888779025,0,1,63.8798935177944
3562,1,0,0,0,-0.539219896494089,0.898087555992545,1,0,13.6723514024637
3566,1,0,0,0,0.198040734492939,-0.887117319711084,1,0,46.0400152556942
3567,1,0,1,0,-0.353005998439077,2.00887796308754,1,1,61.2682538681314
3570,1,0,1,0,0.410288384921625,-0.108446758695175,0,1,33.7627837964891
3573,1,0,0,0,0.0863136266862614,0.0912569013308542,1,0,35.9348324421878
3577,0,1,0,0,2.44506845764694,-0.0903005999039052,1,0,NA
3594,1,0,0,1,1.1404701019396,0.371933352128522,1,0,NA
3607,1,0,1,0,2.75251827317897,0.978853495481694,0,0,72.4556257044719
3610,1,0,1,0,1.18065322053128,-0.418037904400407,1,1,39.0089695183305
3614,1,0,1,0,-0.162698839264119,0.787292063632962,1,0,43.0345522044861
3615,1,0,0,0,-0.103836700835244,0.243762381935215,0,0,14.6812234733529
3619,1,0,1,0,-0.964190863628358,-0.403723957784978,0,0,39.9533973117815
3629,1,0,1,0,-0.809787234190227,-1.17571378142077,0,0,40.8150483717354
3636,0,1,1,0,2.10541678526108,2.48516011657733,1,1,83.3036913065804
3645,0,1,0,0,-0.888238667539849,0.517893194015738,1,0,39.2906582138688
3649,1,0,1,1,1.16951967433049,0.466095732590029,1,0,48.7315341536574
3650,1,0,1,0,-0.966583223223006,1.56080262432667,1,0,39.8160294231188
3658,1,0,0,0,-0.0570941179262025,1.38615489586001,0,1,NA
3659,1,0,0,0,-0.320668449818388,-0.654290627106529,0,0,36.5194952647683
3661,1,0,1,1,1.26989687838516,-1.02293278375899,1,0,47.2492060264679
3663,0,1,1,0,-1.79315539967397,0.342346116535418,1,1,43.6535239478301
3677,1,0,1,0,0.999991215680948,-0.692159733016726,1,0,40.3743172375388
3699,1,0,0,0,-0.142493902774983,1.28228388470604,0,0,7.08595114792147
3714,1,0,1,0,1.35918577865543,0.147578730199283,1,1,55.8221088660644
3717,0,1,0,0,-0.242405396136224,-0.104390343016884,1,0,34.1919762976075
3724,1,0,1,0,1.22684812808443,0.980187708593831,1,0,80.9782938898286
3732,1,0,1,0,1.04078309772842,0.429074727037932,1,0,73.8281094900111
3739,1,0,1,0,0.426896197889059,0.873650607866818,0,0,10.5444661398626
3740,1,0,1,1,-0.620495209223054,0.284330262049386,1,0,38.6716850994529
3744,1,0,1,0,1.6347559167563,0.672694757617783,1,0,64.0595987761805
3748,1,0,0,0,0.50784538389482,-1.92125159663069,1,0,26.618099867835
3763,1,0,1,1,-1.20694689887494,-1.30906811179177,0,0,74.8566852439601
3769,1,0,0,1,0.0106584708944897,-0.646846151698744,1,0,68.1994602432516
3784,0,1,1,0,1.49566607561196,0.977834498545127,1,1,47.4807818155157
3796,0,1,1,1,2.27997234775228,0.902041232837514,1,0,88.8113464962873
3797,1,0,1,0,0.696519469264983,0.125327606610116,1,0,78.3633956279011
3801,1,0,1,0,0.371805433586789,0.711320931560684,1,1,53.0375116581088
3808,1,0,0,0,-0.0147818800751527,-0.0275985661446192,1,0,40.427398720698
3817,1,0,1,0,0.382022132805683,0.657001779775995,0,0,24.8593418682346
3821,1,0,1,0,-0.291514019513009,2.20291589004591,1,0,97.5260416611554
3824,1,0,1,0,0.704526696831234,0.130733058059276,1,0,NA
3826,1,0,1,0,-0.0436781256899452,0.863596464324294,1,0,53.668563359113
3830,1,0,1,1,2.23194927339368,1.39622466669396,1,1,67.5630360946356
3841,1,0,1,0,1.21941210398075,0.449127781382333,1,0,41.733406738838
3843,0,1,1,0,2.19885566903416,-1.41815163141821,1,0,NA
3844,1,0,1,0,-0.099870862034104,1.461515262496,0,0,40.831862133335
3845,0,1,1,0,1.58695550206398,1.52131134677224,1,0,9.81782200046694
3860,0,1,0,0,1.50596264352847,-0.315378263305008,0,0,NA
3869,1,0,1,0,-0.447652031443727,0.78293647214317,0,0,41.4914289844393
3870,1,0,1,0,0.153448952462334,-0.509135209469236,1,0,34.0411237227307
3874,1,0,1,0,-0.127342208601823,-0.572743222791372,1,0,9.857619904036
3890,1,0,1,1,0.5358006537765,0.537069723400786,0,1,10.2795311603996
3892,1,0,1,1,1.0787217774869,-0.113533903109801,1,1,68.7126122045298
3906,0,1,1,0,0.0756056660721156,1.90106907341295,0,0,NA
3911,1,0,1,1,-0.486177208876858,-1.88248967317493,1,0,NA
3922,0,1,1,1,1.18190131906944,0.920538429140738,1,0,59.6923479886754
3926,1,0,1,0,-1.95161774108365,1.01466634808217,1,0,11.7438483688224
3929,0,1,0,0,2.30033021210247,-0.385986046923067,1,0,20.5266122868002
3930,1,0,1,0,2.15448886358741,0.963884720230587,1,1,80.5807675593838
3950,1,0,0,0,2.26960413690738,0.252220340356645,0,0,29.5258577272072
3953,1,0,0,0,-2.22839221503879,1.15598477598669,0,0,11.1350279042119
3964,1,0,1,0,2.67663355121327,1.2392606100199,0,0,74.3297130158416
3969,1,0,1,0,1.20363613935778,3.59632996103092,1,0,53.0689719868511
3973,1,0,1,0,2.58434361299261,1.68861398475968,1,0,58.7642031853166
3979,1,0,1,0,0.648286473181298,0.401227164468537,1,0,NA
3984,0,1,0,0,0.0461272628707033,1.0271089074799,1,1,60.1573168723497
3993,0,1,1,0,0.520221996995593,1.183791515353,0,0,90.7173526175518
3997,1,0,0,0,0.603530749811055,-0.448412451114799,1,0,NA
4005,0,1,1,0,1.14114253914551,0.682505413178056,0,1,49.3449870564534
4025,1,0,1,0,0.308389181715181,-1.38513678410053,0,0,88.9960920780628
4052,0,1,0,1,2.05035699605153,-0.308649387751435,1,0,50.9852830418247
4054,1,0,1,0,0.736768249414265,-0.624995719096389,1,0,38.5345827915262
4056,1,0,1,0,0.0894998537478158,-0.0121493945690052,1,0,93.4016134690629
4061,0,1,1,0,-0.278379676400773,1.67153803782911,1,0,64.8264472740985
4065,0,1,1,0,0.570427425440136,1.73848273072799,1,0,NA
4066,1,0,1,0,0.0409520724406194,0.762603103568705,0,0,44.1793626893801
4068,1,0,1,0,1.69490134650402,0.720257738163535,1,0,41.777596030033
4069,1,0,1,0,1.72931972936586,-0.752321234979615,1,1,40.6980548038935
4072,1,0,1,0,1.37592563461785,1.17030259938864,1,0,41.9894245591768
4078,1,0,0,0,1.21518954901249,0.609332767662945,0,0,65.7795016730315
4080,0,1,1,0,1.20107582768245,-0.894132474371433,1,0,52.5358852692097
4082,1,0,1,0,2.01600091709884,1.816434947349,1,0,79.2654634364613
4091,0,1,1,1,0.717506857723692,-0.339622172476682,1,0,41.1327214325173
4106,1,0,1,0,0.834363768338353,1.7651897166461,1,0,54.1145315895602
4115,1,0,1,0,-0.135664983942589,-0.570953416521236,1,1,65.1104009958755
4122,1,0,1,0,2.42913742114961,0.976502300434929,1,0,63.1955656434875
4133,1,0,1,0,3.28032213924824,0.954498543306421,1,0,71.3739540491978
4147,1,0,1,0,0.855695810834578,1.21203944225893,1,0,68.8003215672023
4151,1,0,1,0,-0.766828001169952,0.20140228489184,0,0,37.3540472110293
4157,1,0,1,0,0.2234181993941,-1.16416128815769,1,1,32.7873605254986
4161,1,0,1,0,0.658187401775356,-0.0957554678488898,0,0,38.3081422171786
4162,1,0,0,0,-0.0850069299853645,1.51797945900327,1,0,39.4750740182725
4165,0,1,1,0,2.43010053112692,1.47917006097016,0,0,96.7073265939155
4166,0,1,1,0,0.0605930573083766,0.693845077737969,1,0,67.8407795377796
4173,1,0,1,0,-0.117495468667316,0.533411314050029,0,0,20.605148018766
4193,1,0,1,0,1.53800619400525,0.559045120045501,1,1,69.2341102940123
4195,1,0,0,0,0.318922658932886,-0.369578301223773,1,0,NA
4200,0,1,1,0,0.304179386273375,0.943743814894108,1,1,NA
4207,0,1,1,0,-1.21505398038128,1.16247330206737,1,0,60.9724316708195
4220,1,0,1,0,-0.0816187745550742,0.0360047241914178,1,1,49.681909419672
4246,1,0,1,0,1.31601828756651,0.374514672143956,1,1,NA
4253,1,0,0,1,-0.54655037052253,0.609076650324921,1,0,58.1298936019843
4254,1,0,1,0,0.957527292377864,1.05579190138605,0,0,5.18490867841379
4258,1,0,1,0,-0.498587744914829,1.38704104111924,0,1,30.3113052743181
4261,0,1,1,0,3.43316056695449,1.30255800109543,0,0,34.0389535088798
4263,1,0,1,1,0.757684369660542,0.683547118752399,1,1,55.87121589097
4268,1,0,1,0,0.668281871072393,1.70160772459891,1,0,NA
4273,1,0,1,0,2.08871943739145,1.8818854946462,1,0,71.4367399718624
4280,1,0,1,0,1.19012951441079,0.659122575453925,1,1,29.578111389313
4286,0,1,1,0,2.7966705359841,2.2532375557547,1,1,NA
4287,0,1,0,0,-0.422652526126128,-0.136388655753915,1,0,NA
4308,0,1,1,0,-0.813078581150247,1.53631505482108,1,0,27.4466707475111
4314,1,0,0,1,0.273100516703598,1.23125852202081,1,0,32.4527158074557
4323,1,0,1,1,-0.20189437399311,0.872181485070879,1,0,44.8374382058921
4324,1,0,0,0,2.68860279018901,0.572547632114487,1,0,56.8168090144219
4335,1,0,1,0,2.01773172498966,0.434084069886973,1,0,43.7296562519807
4342,1,0,0,0,-0.33683068009997,-1.05966273061071,1,0,30.1175819438931
4375,1,0,1,1,0.0107745211208644,-0.228049531445341,1,0,66.6888916289677
4380,1,0,1,0,-0.894934590165075,-0.767009810030735,0,0,NA
4398,1,0,0,0,0.0608036533729798,-0.640287040292392,1,0,72.0171861368743
4405,1,0,0,0,0.67214058178924,-0.299906854063544,0,0,81.849863086814
4424,1,0,1,0,-0.978594602185735,0.610123645509968,0,1,49.9976999236249
4435,1,0,0,0,2.1690443977908,-0.791630782664946,1,1,10.0171642246546
4442,1,0,1,0,1.62480867127123,0.864984354726408,1,1,73.0808882684085
4445,0,1,1,0,0.943623366688936,-0.621706643685447,1,0,10.2923114053569
4456,1,0,0,0,0.89409736492059,-0.120471143742673,1,0,44.3995934248319
4458,1,0,1,0,0.181338106260019,0.267020372566726,1,0,59.4152191723742
4464,1,0,1,0,-0.235584816463767,0.692408688690896,0,1,NA
4481,1,0,1,0,0.329382015815811,1.41005718341714,1,1,60.7042343408564
4488,0,1,1,0,1.61347639516976,0.643165817358803,0,0,27.6295934373493
4505,0,1,0,0,1.45926961772291,0.179082686410625,1,0,NA
4508,1,0,0,0,1.33046347751387,0.0633703157212031,1,0,66.9206519809873
4509,1,0,1,0,2.7986867803264,1.60617096420917,1,0,NA
4515,1,0,1,0,1.07591473330463,-1.57842727338314,0,1,49.5826856136223
4523,0,1,1,0,0.961050925748695,-0.311429343673702,1,0,20.8811310331094
4526,1,0,1,0,2.43430713269091,0.486505179846496,1,0,93.2965246801559
4538,1,0,1,0,1.43978542171599,0.342885682115909,1,0,40.2755721084795
4543,1,0,0,0,0.87743624914284,-1.73791589816007,0,0,52.7144688440212
4546,1,0,1,1,0.200833190143539,-0.485169734121143,0,0,33.1527330731954
4549,1,0,1,0,-1.11888013569239,0.969219400918996,0,0,19.9079018003019
4551,1,0,1,1,-1.04592182664268,-1.05524902874051,1,0,69.7032359751729
4560,1,0,1,0,0.0983389127940652,0.255270389034347,1,0,72.9426210062172
4583,1,0,0,0,2.2605784718229,0.869279331274043,1,0,NA
4587,1,0,1,0,-1.3154380019059,2.71409335637045,1,1,50.1974181060609
4599,1,0,1,0,1.03478514059333,0.14217824715867,1,0,40.15919818211
4604,1,0,1,0,1.0273599740315,0.811386278434165,1,1,70.0097479035942
4606,0,1,1,0,2.44302079685683,-0.398640402486892,1,0,NA
4616,1,0,0,1,0.0182329254064215,0.4355878184753,1,0,NA
4633,1,0,0,1,-0.258511515030325,0.0523539191896609,0,0,56.6921091290273
4637,1,0,0,0,0.747380456062694,-2.28076355246064,1,0,NA
4643,1,0,0,0,2.5322925679493,-0.216023219438507,1,0,67.968970724586
4649,1,0,0,0,-0.654044269575604,0.448386027673113,1,0,NA
4669,0,1,1,0,0.823901108807389,1.38957030568064,1,0,64.8574060823272
4672,1,0,0,0,0.534576901928885,-1.3381210593684,1,0,NA
4694,1,0,1,0,0.0932317335516286,1.44965549709753,1,0,34.5888436571403
4703,1,0,0,0,1.34247170241926,1.94129856176522,1,1,67.1841572776986
4713,1,0,1,0,0.264934913338635,1.03078574555041,1,0,57.991816961274
4734,1,0,1,1,-0.238337684677087,-0.749072690432206,1,0,86.1461612904002
4744,0,1,0,0,-0.0980487727173178,0.758357519193656,0,1,27.1674961576983
4747,1,0,1,0,0.622447636399302,2.22291128313965,1,1,42.4555406780331
4752,1,0,1,0,0.57814162353354,0.66264247519327,0,0,40.5254345174386
4755,1,0,1,0,0.365653271233913,0.775697621388338,1,0,60.1235710665788
4759,1,0,1,0,1.5914502515546,1.36209735578496,0,0,60.2599558070464
4767,1,0,0,0,0.444275329996779,-0.378264879561686,0,0,NA
4772,1,0,0,0,0.648189321449781,2.67546291931626,1,1,46.8837522206664
4773,1,0,0,0,2.34594120500263,3.13729541765729,1,1,72.5529456508089
4779,0,1,1,0,2.05691428616522,1.82001036875942,1,0,38.773270008558
4790,1,0,1,0,1.72232677130191,1.29563894138284,1,0,66.6221963113265
4791,0,1,1,0,1.82274944647847,2.79671599225156,1,1,62.1556640890266
4839,1,0,1,0,-1.39981159998514,-0.183579032224631,1,1,63.6871546720099
4840,1,0,0,0,0.812873470604713,-0.52149183120518,1,0,54.0479571171414
4844,1,0,1,0,2.15578325984024,1.11689248430342,1,0,52.7829097694603
4855,1,0,1,0,2.09680783389794,1.26305120416435,1,0,33.5368885748373
4860,0,1,0,0,0.000926763804580122,1.04306924943414,1,0,NA
4875,1,0,1,0,-1.02199484519143,-0.00120564619853369,0,0,76.597584104816
4882,0,1,1,0,1.20695864259723,-0.329920579294717,1,0,57.3495497475664
4895,0,1,0,0,2.47533857810944,1.004452463744,1,0,NA
4900,1,0,1,0,2.75584333491372,2.88617106588705,1,0,74.2393210020334
4902,1,0,0,0,0.249488881692584,2.21577426143635,0,0,41.6781806781822
4907,1,0,1,1,2.32991002719389,1.24334132177033,1,0,92.071343174565
4919,1,0,1,0,1.24076481676836,3.52521157066141,0,0,NA
4930,1,0,1,0,1.31378758014224,0.94532871911267,1,1,NA
4936,1,0,1,0,1.37155939454693,-0.0459763773696513,0,1,NA
4937,1,0,1,0,0.691995697745954,0.718292409320435,1,0,54.0896094890734
4946,1,0,1,0,-1.79870411212237,0.404827416417921,1,0,47.8924023135744
4959,1,0,0,0,-0.322902580398937,-0.28680812418376,1,0,NA
4960,1,0,1,1,0.802442501054429,2.9797743790906,1,0,77.7055229262639
4984,0,1,0,0,-0.180169607091588,0.936919088384797,0,1,NA
4995,1,0,0,0,-0.287482796770755,0.768967171634193,1,0,48.418008659751
5005,1,0,0,0,0.981589441348854,1.93014543648205,1,0,64.9933633403055
5012,1,0,0,0,1.52159680010744,2.03594571802797,0,0,59.4378955855982
5024,1,0,1,0,1.06444525311711,1.1747065491699,0,0,NA
5031,1,0,1,0,0.724057760484293,2.36189784183795,1,1,NA
5032,1,0,1,0,0.121025932905775,-0.30294748412496,1,0,56.8303091354754
5034,1,0,1,0,1.04471455732186,0.368244695727618,1,0,52.648692639102
5035,1,0,1,0,-0.0228674202114356,-0.369768017275594,1,0,NA
5045,1,0,1,0,0.418157156690579,3.46675228244339,1,0,NA
5056,1,0,1,0,2.50669736924462,0.835254929920447,0,0,62.7585099983302
5073,1,0,0,0,1.27127448874002,0.35790019188655,1,1,27.9890696283492
5077,1,0,0,0,0.526672590803803,-0.163491971151867,1,0,NA
5082,0,1,1,0,0.984970405189202,0.915361745133995,0,0,NA
5115,1,0,1,1,1.2228939331332,1.7966588331648,1,0,79.681854934373
5116,1,0,1,0,2.45762444387092,1.7259496323657,1,0,97.6007555037984
5119,0,1,0,0,-0.199056334083767,-0.815545888529814,0,1,54.2750405326811
5123,1,0,1,0,-0.1030726981466,-0.139045953867026,1,0,43.6011455283625
5131,1,0,1,0,0.881636474116612,0.446916251477772,1,0,35.866810209572
5138,0,1,0,0,0.203729413925023,0.299690476718774,1,0,52.295943374526
5159,1,0,1,0,2.33991172908665,1.54037026781081,1,0,NA
5169,1,0,0,0,1.19912207831423,0.416518590271467,1,1,7.78230446498361
5172,1,0,0,0,0.73639312126624,0.683135522708191,1,0,30.4537340710889
5176,1,0,1,1,1.58596604592535,0.834649168951415,1,0,54.092193305682
5192,0,1,1,0,0.217048656907543,-0.016630975515987,1,0,67.8638678619381
5199,1,0,0,0,1.21548181961265,1.14683886383916,1,0,NA
5201,1,0,1,0,0.767839262438591,0.651680599375687,1,0,43.5737675895764
5202,1,0,1,0,2.0170701192879,1.12598664910757,1,0,79.0745665075269
5207,1,0,0,0,0.990248524327224,-0.158432857418317,1,0,76.1239991112137
5216,1,0,1,0,1.59732292941823,-0.147370559703618,0,1,32.5772864385121
5229,0,1,1,0,1.81206239929574,0.72120206408328,1,0,69.7274510824032
5237,0,1,0,0,2.67408718501148,0.0199151034197349,1,0,48.9068829964172
5247,1,0,0,0,1.17569542057263,2.24810275826411,1,0,69.4400932567917
5250,1,0,1,0,0.210080921858231,0.564022860817634,1,0,50.1775393636295
5263,1,0,1,1,-0.226515084807134,-0.318715348595115,0,0,65.0905681405723
5274,1,0,1,0,1.39435405658361,-0.950654077418739,1,0,27.9165577848441
5288,1,0,0,0,-0.607431466928218,-0.245660578565697,0,0,NA
5303,0,1,1,0,-1.27069699273601,-1.19675676580317,1,1,43.4748256948633
5306,1,0,1,0,1.87886441210994,-1.00274922578573,1,1,45.1312845640178
5311,1,0,1,0,0.0780616184093391,1.87099193013804,1,0,9.4478122795102
5315,0,1,1,0,1.52902846194063,-0.306896091469978,1,0,44.3841589372041
5321,1,0,1,0,-0.63741491161952,-0.128242336346057,1,1,NA
5326,1,0,1,0,2.08517757397315,1.78843449288115,1,0,42.2279809069918
5330,1,0,0,0,0.796948075398726,0.529242253617349,0,0,47.4836857453876
5337,1,0,0,1,2.20812796861135,-0.503198494431852,1,1,NA
5339,1,0,1,0,-0.446636666643797,0.180066436267323,1,0,65.3711390669139
5352,1,0,1,0,1.72111443146867,0.0689634367425425,1,0,NA
5362,1,0,1,0,-0.0656259249727212,0.215657615990553,0,0,NA
5363,0,1,1,0,2.19154895050661,2.42377294787766,0,0,20.2396964402835
5370,1,0,1,0,-0.306012820246614,0.0393214010511197,1,0,28.2762192648504
5371,1,0,0,0,0.641747948710111,0.387449220066022,1,0,NA
5373,1,0,1,0,1.93931597484711,2.67603848166844,1,0,100.823487713539
5378,1,0,1,0,1.65710424422566,0.604693687042657,0,0,17.27037742056
5384,1,0,1,1,-0.028292156044424,-0.503934265217382,1,0,57.8807552903946
5391,0,1,1,0,2.57949639524359,0.445724123161613,1,0,68.647870579427
5392,0,1,1,0,1.38588506666632,2.14734904046316,1,0,55.8449344475784
5395,1,0,1,0,0.287327408179559,-0.38755351121899,1,0,23.4479979032534
5409,1,0,1,0,0.628015955523635,0.933444328125133,1,1,NA
5419,1,0,1,0,0.713384520818189,-0.185422567086349,0,0,NA
5426,0,1,1,0,2.77589387030623,0.185935394792113,0,0,78.5984473591317
5427,1,0,0,0,1.67799346132142,1.80868222394803,1,0,31.8156671511833
5430,1,0,0,0,1.97299390105988,0.0479013981133714,1,0,35.2212923473862
5439,1,0,0,0,-0.0740850831365663,-0.802081497666138,0,0,36.9471385839424
5440,1,0,1,0,1.72230520368911,1.6476419929281,0,1,61.9069419632888
5468,1,0,1,0,1.96502707059991,2.10721810249871,1,0,34.81842179237
5474,1,0,1,0,0.712754940890254,1.53381967487466,1,0,49.5857576633053
5475,1,0,0,0,2.50238099258615,0.979727626606584,1,0,56.8639316798192
5479,1,0,1,0,0.932342325383393,-0.337258059774694,0,0,39.3738707695934
5494,1,0,0,0,-1.09491537107252,0.174078266178476,1,0,50.3938120291283
5512,1,0,1,0,1.35534198319299,0.493650255322517,1,0,NA
5519,1,0,1,0,0.916077909551313,1.03436242787149,1,0,59.9394476826302
5566,1,0,0,0,2.15237909088976,-0.196280254190091,1,0,36.2403368293099
5568,1,0,1,0,1.26146299195818,0.168747923917777,1,0,28.8886431546507
5571,1,0,0,0,-0.0136682617059044,-1.84569012509749,1,1,59.6693715542071
5572,1,0,1,0,-0.471333749442278,0.0189689544578916,1,1,NA
5576,1,0,1,0,1.77942700648054,0.545903755067998,1,1,69.5096216176929
5581,1,0,1,0,-1.56750440206944,0.744285140720342,1,0,41.1627468534054
5585,1,0,1,0,0.482179147738834,0.651333756981649,0,0,25.2070356852412
5588,0,1,0,0,0.548284190253769,0.453660617781266,1,0,37.4941515566855
5595,1,0,0,0,1.60130629843432,1.29999079106779,1,0,NA
5608,1,0,1,0,0.946753391487131,2.45044046053187,1,1,39.4835945512291
5610,1,0,1,0,-0.274717900999257,0.712784550603171,1,1,59.9976001421403
5616,0,1,1,0,-1.00951864658534,-0.889059934991608,1,0,14.7453114360113
5633,0,1,1,1,1.5127642727982,0.843312531423147,1,0,108.48439584355
5647,0,1,1,0,0.657983333836998,0.912475899241943,0,0,77.9802852749006
5648,1,0,0,0,-0.264044411365518,0.582234929275866,1,0,NA
5655,1,0,0,1,1.01293117515684,2.09942277427001,1,1,81.1006234010551
5680,0,1,1,0,0.85319413838874,-1.96455315323655,1,0,32.7551609732195
5702,1,0,1,0,-2.16114312545961,1.13073827646458,1,0,NA
5710,1,0,1,1,-1.42986028174262,2.42585052356537,1,1,60.7031834698183
5713,1,0,0,0,0.779272117965677,1.02415641601888,1,0,86.8779425521107
5716,1,0,1,1,1.777559899454,1.14646757529356,0,1,79.320073811176
5724,1,0,1,1,1.03903173892531,1.23792936470352,1,0,NA
5733,0,1,1,0,0.796991650339901,0.67877044826363,1,1,67.5042257580162
5736,1,0,1,0,1.68348452100493,0.881440442829312,1,0,NA
5762,1,0,1,0,3.03853218269434,2.2248659708887,1,0,53.9360222892088
5767,1,0,1,0,-0.651445046374147,1.11893698218671,1,0,50.8423600379363
5770,0,1,1,0,0.364453556259662,0.887198814971607,1,0,72.677009396941
5779,0,1,1,0,-1.20806664749236,1.03197760172929,1,0,42.6393013372672
5786,1,0,0,0,0.234052717593672,0.584530947760972,1,0,59.7051734410205
5789,1,0,0,0,-0.517688930538249,-0.979377148771932,0,0,NA
5797,1,0,1,0,2.53504979874523,1.49736009523306,1,0,55.0209251368025
5805,1,0,0,0,-0.0284866715646269,-1.20080919578766,1,0,NA
5807,0,1,0,0,2.18479189610413,-0.763475890133305,1,0,NA
5820,1,0,1,0,0.542093791370888,-0.507419938187328,1,0,35.8474016867981
5826,1,0,0,0,-1.43362515391121,0.211711668493451,1,0,47.4108448577672
5827,1,0,1,0,-0.307246978452361,-1.78196975828949,1,0,45.9250811169931
5828,0,1,0,0,1.25810313586152,0.944849831803616,1,0,68.3005408717407
5829,1,0,1,0,1.27010456383647,0.637779652724393,1,0,NA
5835,1,0,1,0,1.54058645683362,-0.635513655768899,1,1,42.718583282563
5839,1,0,0,0,-2.73368651333137,0.825135592018801,1,0,61.9213000978095
5843,1,0,1,0,0.0173242184060149,1.43124790327285,1,1,90.3518264019045
5845,1,0,0,0,-0.872901081522588,0.348845017705874,1,0,32.6228374165411
5855,1,0,0,0,2.0986216673893,2.02076550817281,0,0,33.4388293426493
5858,1,0,1,0,-0.235396601651472,0.731146813393118,1,0,NA
5867,1,0,1,0,0.844960704927717,1.21469449580575,0,0,NA
5886,1,0,1,0,-0.0377559170167041,2.3069139030354,1,0,NA
5895,1,0,1,0,1.34459702220712,0.762941948082167,1,0,70.2528358753269
5904,1,0,1,0,0.258188085334167,-0.662581506056417,1,1,65.7901477634799
5906,0,1,1,0,1.05082225259072,0.676671744176992,1,0,61.2922693061401
5931,1,0,1,0,0.64708451302984,0.768473314654383,1,0,69.3956210063282
5943,1,0,1,0,1.19916795139685,-0.287330321134136,1,0,31.6449755845022
5950,1,0,1,0,1.59154646436133,0.888807657165267,1,1,47.8428923988011
5959,0,1,0,0,0.799869090475319,-1.5906987077004,1,0,62.7088730692549
5967,1,0,1,0,1.03077760832192,1.26125149681088,1,0,NA
5969,1,0,1,0,0.359522735879033,1.12062305978765,1,0,26.9558984123315
5970,1,0,0,0,1.34755688950328,-0.184703191819464,1,0,NA
5972,1,0,0,0,-0.0541843299681112,1.87989483845815,1,0,29.2745627055056
6014,1,0,1,0,0.56616642828344,-0.769023969260006,1,0,69.8754894519934
6018,1,0,1,0,2.74333140322238,-1.36684175494412,0,0,67.746348802522
6024,1,0,0,0,-0.515869042292612,0.86437585885353,1,0,NA
6045,1,0,1,0,1.31720725026191,-0.0475651552523894,0,0,NA
6054,1,0,1,0,2.15178794559313,0.656266844257366,1,0,37.6769137610465
6073,1,0,1,0,1.37441664892043,0.421333998588459,1,0,NA
6082,1,0,1,0,-0.0897038671066037,-1.62860448533963,0,0,33.0264773390598
6091,1,0,1,0,-1.1529567406157,-1.29786389133998,1,0,69.9865108316904
6092,0,1,1,0,-0.130875440705219,0.155568658778414,1,1,44.4033187182986
6105,1,0,1,0,1.83548230044139,0.730228980514802,1,0,67.8720787333963
6110,0,1,1,1,1.11608325834462,-0.0622285290804835,1,0,35.4668099902641
6118,1,0,1,0,2.70469671600095,2.31551515500297,1,0,79.5765269409187
6126,1,0,0,0,0.709999768236788,0.214921183975241,1,1,27.6690812601971
6128,1,0,1,0,1.44932616212866,0.297967433492558,1,0,27.7443817171516
6130,1,0,0,0,1.10882639451034,1.03063968481537,0,0,NA
6166,0,1,1,0,0.165928571859767,0.851327965850723,0,0,46.0667687714594
6173,1,0,1,1,0.364834546462931,0.719228347365542,1,0,36.2903322986862
6180,1,0,0,0,-0.854550675277818,0.0861860893592625,1,0,NA
6186,1,0,1,0,1.09746418661101,0.164519038758735,1,0,31.5763518596235
6192,0,1,0,0,0.0870417236467043,-1.24380776266231,1,0,48.2159021176723
6199,1,0,0,0,0.409458686986843,-0.455024397906932,1,0,25.3157588702179
6203,0,1,1,0,0.983750766493319,-0.407879932021013,1,0,NA
6210,1,0,1,1,0.107975672321892,2.36707992286123,0,0,NA
6237,0,1,1,0,0.54702169993729,-0.0751958872425744,1,0,71.1419340870421
6240,1,0,1,0,0.449615680838276,-0.0314355204155572,1,0,13.736902215317
6256,0,1,1,0,2.32081341776325,1.70575136895525,0,0,72.4735879313334
6257,1,0,1,0,-0.733831265083907,1.34810825071263,1,1,71.8304639832848
6259,1,0,1,1,1.61907847744563,0.378392498928097,1,1,NA
6262,1,0,1,1,-1.31795915796781,0.610074103767512,1,0,56.9596999717274
6269,0,1,1,0,0.283212993283911,1.28945171439714,1,0,28.0406107104559
6273,1,0,1,0,-0.162455565074266,1.14068017607114,1,0,14.6976207056271
6281,0,1,1,0,1.55714276475776,2.23978630183608,1,0,84.4535172220705
6285,1,0,0,0,-1.19874678090684,0.406844803149448,1,0,51.8026347920331
6286,1,0,0,0,-1.87980312882573,0.0303076351259747,0,0,22.4289986829612
6293,1,0,1,0,0.909478739308254,1.65636504441515,0,1,NA
6298,1,0,1,0,0.490147580445737,-0.801812094595685,1,0,NA
6301,1,0,1,0,1.63348991729757,0.619986803419643,1,0,NA
6305,0,1,1,0,-0.300577945090319,1.11090123662161,1,1,44.1244875784306
6314,0,1,1,0,2.57138839547844,1.64907710147416,0,1,74.0628486674011
6315,1,0,1,1,-0.420061004315729,-0.118555203480821,1,1,73.208490218736
6326,1,0,1,0,0.175186428749166,1.5710824636963,1,0,58.2322510472582
6331,1,0,1,0,2.33985493212804,-0.437960594954655,1,0,80.6864173494375
6335,1,0,0,0,1.98590095067575,1.74462822041424,1,1,NA
6340,1,0,0,0,0.865414745699275,1.23134545053155,0,0,NA
6357,1,0,1,0,-1.10234013448343,0.160474613367831,0,0,75.6500244435031
6365,0,1,1,0,1.3326576842057,2.7152223823885,1,1,75.9660726415021
6368,1,0,1,1,1.34833899781738,0.409596076543081,1,0,64.2395528436766
6371,1,0,0,0,0.766684316963512,0.122073796288273,1,0,20.1611263774231
6375,1,0,0,0,2.83642928416915,0.226573690957997,1,0,22.8023989140129
6376,1,0,1,1,1.43752396060203,-1.7449060556319,1,1,51.7892653068453
6379,1,0,1,0,-0.709691018163858,-0.0149459849914186,0,0,60.5227098152211
6380,1,0,1,0,0.722055254050089,1.06310871994336,1,0,46.7678264209129
6392,1,0,1,0,1.25046558556636,-0.611403945099965,1,1,54.2051911875639
6393,1,0,1,0,-1.06162872099211,1.19726400111936,1,0,33.7942729130437
6394,0,1,1,0,1.55107521732769,-0.463341123986765,1,0,66.1049306023994
6396,1,0,0,0,1.92612859900282,-0.347209678907667,0,0,53.5134516860809
6405,1,0,1,0,-0.4030909007604,2.13596230796981,0,0,79.3200541809039
6407,1,0,1,0,2.72357379187576,1.75416041660785,0,0,92.1591225315356
6421,0,1,1,0,2.7711196471458,-0.228302365606565,1,1,77.7234714717105
6426,0,1,1,1,1.54935591528139,-1.68642964417506,1,0,68.7963395761857
6439,1,0,1,0,0.225324408973741,1.3782224524608,1,0,36.62694393935
6442,1,0,1,0,1.40409775367969,0.726914881460707,1,0,NA
6448,1,0,1,0,1.35395702216159,2.22889496220801,1,0,45.9858958168255
6450,1,0,1,0,0.484466861361214,0.67696067260409,0,1,NA
6455,1,0,0,0,-0.463806003697118,-0.948765480097547,0,1,66.9663536053287
6472,1,0,1,0,1.76012562470658,0.96207100758377,1,0,80.4254037198787
6476,1,0,0,1,-2.16915984856452,-0.553870164622279,0,0,63.2838996244847
6477,0,1,1,0,2.6328330412782,1.67476546336784,1,0,44.4107687870576
6487,0,1,0,0,1.85256743883017,0.101501646231235,1,0,NA
6492,1,0,1,0,0.237368796604284,-0.648718271887925,1,0,NA
6498,1,0,1,1,1.31230924229998,-0.578666315464643,0,1,31.2490636173605
6513,0,1,1,0,1.70443671325769,1.92966772101539,1,0,44.1724119926265
6515,0,1,0,0,-2.19128474420474,-0.850391754332558,1,0,31.4271871589536
6516,0,1,1,1,0.458944732144566,-0.270320420416244,1,0,72.1168106909276
6551,1,0,1,0,1.30447384648687,3.06604752013124,1,0,51.4546711245638
6598,1,0,1,0,-0.182885303923974,1.32920984475331,1,0,47.3507819303444
6603,1,0,1,0,1.82148990118383,2.67712731612895,1,0,42.6387026636825
6607,1,0,1,0,-1.19508656954395,0.98049053075551,0,0,71.547673050714
6609,1,0,1,0,0.909784733768222,0.574793848269915,1,0,92.0172717305214
6616,1,0,1,0,1.56778967823275,-0.593468405360203,1,0,NA
6625,1,0,0,0,0.660551756933118,0.185461097851047,1,1,22.5385837605914
6628,1,0,1,0,2.80840250201022,-0.438908028119485,1,0,38.2544736890612
6642,1,0,1,0,-0.317328892378542,-1.42419405861736,0,0,NA
6648,1,0,0,0,0.487909480691711,0.140291931923065,0,0,NA
6650,1,0,1,0,1.19201728206367,1.22606693050751,1,0,77.2040307605326
6655,1,0,1,1,-0.786638400916599,0.524348787176792,1,0,31.0850262948758
6663,0,1,1,0,0.109098102931175,3.37480348643568,1,0,82.414048858981
6664,0,1,0,0,0.307651566697283,0.486820216714997,1,0,NA
6667,0,1,1,0,0.537499898830172,-0.580200397925855,1,0,55.685758298262
6672,1,0,1,0,0.970454340011313,1.06937772796784,1,0,79.8181029027093
6676,1,0,0,0,2.09677433700569,-0.524451061405799,0,0,48.8051201972169
6696,0,1,1,0,-0.13459797559987,-0.345589494125264,0,0,38.4898306026152
6704,1,0,1,0,2.07519259014612,0.369658407021913,1,0,NA
6707,1,0,1,0,0.34204116461061,0.551334155118008,0,0,17.5071913844881
6711,1,0,1,0,0.663913199691291,0.844232012779293,1,0,71.7050920993356
6715,1,0,1,0,-0.416578964283466,1.91564845646609,0,0,52.375009040913
6736,1,0,1,0,-0.620430579110974,1.50501701513762,1,0,47.8927299416084
6754,0,1,0,0,-1.2842232831336,0.18596871600475,0,0,27.6306754381546
6757,1,0,0,0,1.27683799082181,0.5007042412448,1,0,55.6993081271968
6764,0,1,0,0,-0.852187251344257,0.0352444419286843,1,0,NA
6773,0,1,1,0,0.18399039157042,1.76353495605021,1,0,38.0698083422888
6777,1,0,0,0,0.974996095230093,0.511937212144667,1,0,NA
6783,1,0,1,0,0.810152698642882,2.57519707599565,1,0,44.4771503881009
6785,1,0,0,0,-0.363059442882415,0.56418335195893,0,0,NA
6788,1,0,1,0,3.27574891343434,-1.07713367687739,1,0,62.6354729386628
6799,1,0,0,0,0.190894915014972,1.80717136335383,0,0,NA
6802,1,0,0,0,1.20910966977979,1.26217962156454,1,0,29.01839051281
6806,1,0,1,0,-0.0284535697797352,1.39938590219813,1,0,NA
6813,0,1,1,0,0.724011245221753,0.549374470284676,1,0,60.6030843023777
6821,1,0,1,0,0.946097427066091,-0.970938871297816,1,0,29.6574069296948
6823,1,0,1,0,-1.66832583023094,-1.02090372798725,1,0,NA
6833,1,0,0,0,1.28584794515373,-0.198202846621703,1,1,NA
6836,1,0,1,0,1.01555062144338,0.448613625957178,1,0,68.5442423011676
6845,1,0,1,0,2.88924816281436,1.27844430204928,1,0,NA
6857,1,0,0,0,2.44750535637645,2.11329245449082,1,0,NA
6862,1,0,0,1,2.03471287711784,1.65887068919505,1,1,13.9177188309298
6873,1,0,1,0,0.79133919440714,0.0831440331630479,0,0,51.8052124304136
6879,1,0,0,0,-0.801056218822475,1.19873376130748,1,0,NA
6882,1,0,1,0,2.76989008073078,1.63429844805666,0,0,66.9763533639288
6893,1,0,1,0,0.964586688726963,1.70857287913071,1,0,43.3937812170242
6896,1,0,1,1,1.77712366000318,1.00520294662529,0,1,30.0047427948835
6901,1,0,1,0,-0.106389136798989,1.44483816741561,1,0,27.8909365483748
6917,1,0,1,0,1.51524326094544,-0.415749690800691,1,0,37.2937369476439
6928,0,1,1,1,1.63869593495301,1.40877109845478,1,0,65.4534430868796
6931,1,0,1,0,3.28924020714161,3.36470047137977,1,0,42.0187549530187
6934,1,0,1,1,1.27658194929912,-0.983134292938759,1,0,NA
6935,0,1,1,0,-0.281184995408088,1.63027297156551,1,0,53.4332397213122
6939,1,0,1,0,1.90364153795555,0.654455981546556,1,0,36.9996979478334
6941,1,0,0,0,1.80756304327395,1.32271705001712,0,0,NA
6952,0,1,1,0,0.516034708666342,1.17006092134515,1,0,34.7469315494581
6966,1,0,0,0,-0.419176866227114,0.0259452246036155,0,0,NA
6990,1,0,1,0,0.592594107923885,0.531605464464016,1,0,39.5622634503733
6991,1,0,1,0,-0.749823714071086,2.12829486583219,0,0,47.8768788319913
6999,0,1,0,0,1.69167415851506,-0.493399198546713,1,1,86.3498532121036
7001,1,0,0,1,2.29097711460423,-0.0372808063261135,1,1,34.1701066366889
7009,0,1,1,0,0.977673481008614,2.34551935782676,1,0,33.9423071479803
7014,1,0,1,1,-1.00288606244599,-0.779627266161588,0,0,NA
7016,1,0,0,0,1.08389609301187,0.363881687311345,1,1,38.7801560669609
7017,1,0,1,1,-0.804694184612816,-2.18668035381975,0,1,45.320790971023
7018,1,0,1,0,1.15151398982178,-1.12274274796318,1,0,86.3267334622151
7066,1,0,1,0,0.255581037403016,-0.00162771500537084,1,0,71.9073180592232
7071,1,0,0,0,1.72584314325874,0.525624767081013,1,0,39.3716307455315
7075,1,0,1,0,1.43349403503318,-0.181131728999965,1,0,76.270126802873
7086,0,1,1,0,0.00729130576408643,0.0182550547010527,0,0,44.2181150836903
7090,0,1,1,0,2.25624021307757,2.4148411227766,1,1,77.0177841526521
7096,1,0,0,0,-0.5285282634531,0.109789214485501,1,1,54.4052190750443
7098,1,0,1,0,2.56350386019946,-1.25660735087251,1,0,79.5420259959037
7104,0,1,1,0,0.752446661410919,-0.650318263691946,1,0,38.997332257591
7107,1,0,0,0,0.684057243067705,-0.110282772782399,1,1,30.7230576375167
7121,1,0,1,1,2.14026169156683,-1.15639187478498,1,1,38.5207016237523
7122,1,0,0,0,-0.992583091425346,-0.857098708990939,1,0,NA
7129,1,0,1,0,0.772772411485134,1.90799256537307,1,1,39.6465629715194
7141,1,0,1,0,3.71316225842285,1.60259943169462,1,0,50.2418367438152
7144,1,0,1,0,0.629461253779371,-0.329939173903524,0,0,60.3903306527976
7145,1,0,0,0,0.868688184326782,-0.323657639532019,1,0,NA
7163,1,0,0,0,-1.10972275447923,1.11973197742311,1,0,18.9261366316401
7172,0,1,1,0,0.0281528344676887,1.48678639576547,1,1,72.8020696650375
7175,1,0,1,0,-0.508866665209667,0.117710223114977,1,0,35.3284854609793
7194,0,1,1,0,-0.734551186151686,3.05051607218308,1,1,75.0798199759854
7200,1,0,1,0,0.977114931479706,-0.672721712729568,1,0,46.2837325055012
7221,1,0,0,0,1.00546450306824,-0.236558097380133,1,0,NA
7224,1,0,0,0,-0.475313599236773,0.0158254498419274,1,1,NA
7225,1,0,1,0,2.39015825542598,0.978997015747504,1,0,75.4669058735727
7236,1,0,1,0,0.968348418109089,1.00780688531442,1,0,44.9956060798236
7249,1,0,1,0,0.579549498072217,1.55237279465932,1,0,5.79036236520501
7265,1,0,1,0,1.30561921894413,-0.6802873539648,1,0,45.3043370908762
7288,0,1,1,0,0.222100291932745,1.28087876230433,1,0,90.881409317881
7317,1,0,1,0,0.239499760287397,-1.45648678523963,0,1,NA
7320,1,0,0,0,-1.73869039508856,-0.646559231543961,1,1,45.056614178571
7322,1,0,1,0,0.0243299456214134,1.4897869198601,1,0,30.458643121467
7324,1,0,0,0,0.753878403234961,0.331125795159268,1,1,NA
7328,1,0,1,0,1.06123263217246,1.45362510253816,1,0,49.7529305151172
7334,1,0,1,1,0.926809769542866,0.75246811543765,1,0,61.5657550197773
7359,1,0,0,0,-0.257240797811003,0.754362927535175,1,0,43.3538119384205
7360,1,0,0,0,-1.04359565891491,-1.30401118159037,1,0,NA
7371,1,0,1,0,1.32523573507774,-1.21823709015203,1,0,88.8667558058583
7381,0,1,1,0,2.44500828831728,-0.105730877970919,0,0,37.8437492329137
7399,1,0,1,0,0.649531315837849,-0.699253486298554,1,1,35.3960697508806
7408,1,0,1,0,0.712799920653358,1.81066350713474,0,0,48.7495851980692
7414,1,0,1,0,1.919911608366,-0.300541922608641,1,0,49.6879532498856
7428,1,0,1,0,0.138751012886279,-0.947525985392007,1,1,18.3943481218771
7435,1,0,1,0,1.48737795827485,0.639931233812532,0,0,NA
7443,0,1,1,0,0.146570372073382,0.381796849984554,1,0,56.7432397297712
7444,1,0,1,0,0.31488530143648,2.10507487339552,1,0,62.1931206000306
7446,1,0,1,0,1.04346438246355,0.238085536128897,0,0,47.075801106034
7457,0,1,0,0,0.80979038137166,0.846164349942658,1,0,8.94174926484492
7468,1,0,0,0,0.709706555752485,1.27190243697718,1,0,50.5259621849874
7476,0,1,1,0,1.72528669983356,2.0370868881114,0,0,25.951200644313
7490,1,0,1,0,0.589275916386531,1.01258520996873,0,0,NA
7496,1,0,0,0,0.0153863300852873,-0.88971082776453,1,0,NA
7504,0,1,0,1,2.15807633159704,0.290281315018363,1,0,75.46879675078
7505,1,0,1,0,1.40570241805356,-0.818658492528917,1,0,7.11675945170726
7510,0,1,0,0,1.24031821658659,0.61597675266929,0,0,72.3927237740097
7516,1,0,0,0,1.77660132459757,0.844281997091263,1,0,8.31761838277394
7521,1,0,1,0,-1.5667346711873,-0.494690311351124,0,0,NA
7534,0,1,1,0,-0.423471585602799,1.51959848653187,1,0,10.3125870248247
7535,1,0,1,0,0.162378458367057,1.09780254278043,1,0,70.9530049207793
7545,1,0,1,0,1.44886693287058,0.19922494522716,1,0,NA
7556,0,1,1,0,0.352378595662002,2.19543817129616,1,0,38.8549384216306
7569,1,0,1,0,1.29591842977257,2.196156563529,1,0,48.5349253992767
7572,1,0,1,0,0.165105857773819,0.119934108066258,1,0,NA
7579,0,1,1,1,1.38883671355728,0.567615865886622,1,0,32.395931280039
7587,1,0,0,0,0.86209840778082,1.92275268393054,1,1,29.7117312978587
7619,1,0,0,0,0.331090746599287,-0.309648105116775,1,1,19.5687233434356
7622,1,0,1,0,-0.909271833729106,1.60574294637661,1,1,39.8057017504922
7638,1,0,1,0,1.14477189985746,0.122357298158521,0,0,37.3485981334247
7640,1,0,1,1,1.00329001733351,-0.93792401525788,1,0,49.6375144569518
7656,1,0,0,0,0.473977106692512,3.35490453351631,1,0,46.6103223283426
7662,1,0,1,0,2.62361931246337,0.111937679826083,1,0,59.0872442581987
7665,1,0,1,1,-0.704881795380278,0.855044140233242,0,0,29.5215260669361
7670,1,0,0,0,0.318068133180925,0.163789328260583,0,0,53.3096099377842
7686,1,0,1,0,-0.631376279648985,-0.00359408649141479,1,1,63.8414537724521
7705,1,0,0,0,0.335425270640109,1.04220422448028,1,0,58.1757525342944
7708,0,1,1,0,1.46624120299903,0.861115547952021,1,0,43.4852017215829
7719,1,0,0,0,0.0332808587907423,0.369392468244434,0,0,67.3794383415013
7728,1,0,0,0,0.0940099544643254,1.18540926557672,1,0,11.4351407136293
7730,1,0,0,0,0.646273083980127,-0.21793207901679,1,0,NA
7734,1,0,1,0,0.631694483854576,2.15558644433409,0,0,78.7111174830312
7736,0,1,1,0,-1.09929548506332,-0.947288341667315,1,1,93.2114002695081
7737,1,0,0,1,0.990916066992133,-1.21296010378312,1,0,57.2036604644157
7739,1,0,0,0,2.30088560990681,-0.273632922877238,1,0,58.199302978029
7745,0,1,1,0,1.15543539891633,0.724673927294717,1,0,NA
7755,1,0,1,0,-0.201922505802604,1.0658823224317,1,1,12.3451736491886
7759,1,0,1,0,-0.435725422887621,2.50884125504481,1,0,55.5242655000342
7760,1,0,1,0,2.0495118704315,2.3814059414018,1,1,62.909365839547
7762,1,0,0,0,-0.968756235932188,-0.284976890083316,1,0,5.92964592167888
7770,1,0,1,0,2.58683355272113,2.1498713358318,0,0,33.9635371250753
7779,1,0,0,0,0.726230099902818,0.554543166621918,1,0,-8.12294386766083
7785,1,0,1,0,0.967977963082534,1.4430873318203,0,0,75.7726583372069
7807,0,1,0,0,0.573369703465796,0.132235280841007,1,0,36.4103707563937
7814,1,0,0,0,-0.216020792305322,0.136961930447028,1,0,61.9255234920924
7819,1,0,0,0,0.768456585378365,1.01799815838281,0,0,51.9775935665308
7821,1,0,0,0,-1.07546040259643,0.311894214480354,0,0,NA
7834,1,0,1,0,2.10860985701076,0.613741667267138,1,0,63.056488551436
7836,0,1,0,0,2.24083606016702,2.45325134526728,0,0,94.2949572499595
7845,1,0,0,0,-2.00617027980378,2.10691352106966,1,0,5.76692661288408
7849,1,0,1,1,0.357295260759452,0.408818426235118,1,0,NA
7852,1,0,1,0,1.61131076303345,2.34696035290034,1,1,37.4758897287274
7853,1,0,1,0,1.14548264185046,-0.90314075122775,1,0,NA
7889,0,1,0,0,1.04502369991377,0.532758266671619,1,0,39.2020715541052
7898,1,0,1,0,1.07396882674224,1.89429918051234,0,1,48.4581868320196
7900,1,0,0,0,-0.429273160793486,-0.496258611211522,1,0,47.2513078787082
7909,1,0,1,1,0.846798350528046,1.28775934374527,0,0,40.3598410807693
7914,1,0,1,1,-0.982425248552335,0.694803368293358,1,1,NA
7915,1,0,0,0,0.719346302308448,-0.928755523041195,0,0,NA
7916,1,0,1,0,2.7538336494665,1.27638025140021,1,0,72.464314934272
7920,1,0,1,1,0.993784008636919,-1.39848140519663,1,0,18.068980878247
7929,1,0,1,0,1.25282816061015,0.161955728041313,1,0,50.3016400311418
7949,0,1,1,0,2.23217029595093,-0.614435211582706,1,0,62.8399829287563
7964,1,0,1,0,0.35256826348534,1.71216688983546,1,0,64.8324845449081
7982,1,0,0,0,1.86807140658199,-0.135187480209216,1,0,NA
7983,1,0,1,1,0.501545576356463,-0.3818048683661,1,0,NA
7987,1,0,1,0,-0.158860395815701,1.44538656650198,0,0,NA
7996,1,0,1,0,-0.671235138059098,0.0682024587634861,0,1,33.1365487632398
8004,1,0,1,1,1.38927059708592,0.569240947265576,1,0,59.5754918752282
8008,1,0,0,1,1.75453898868371,-1.68921349946879,1,0,NA
8013,1,0,1,0,0.784646514351527,0.249367835901156,1,0,28.5415946767881
8024,1,0,1,0,-0.661855824793514,2.68055607022785,1,1,29.7732690348278
8037,0,1,0,0,0.107060287341363,0.653735492767237,1,1,34.9788393780234
8057,1,0,0,0,-0.314695941242236,2.17787084235863,1,1,25.5245246600663
8061,1,0,1,0,1.96730056823025,1.03877017096591,1,0,54.4575800594374
8068,0,1,0,0,1.2878947608439,-0.234592624161229,1,1,13.1489002193998
8083,1,0,1,0,1.36305389156843,1.09411917177823,1,1,84.3609425575355
8100,1,0,0,0,-0.826660462247856,1.35529356380938,1,1,NA
8101,1,0,0,0,0.910000067035021,-0.0457586553907509,1,0,38.8916339044412
8108,0,1,1,0,1.31027498487466,-1.08186767848628,1,0,NA
8118,1,0,1,0,2.00902592692891,0.486610220282245,1,0,54.8617766157512
8120,1,0,1,0,0.206318066376229,2.85693903298728,1,0,69.2551542975165
8127,0,1,0,0,0.492742267921907,-0.648619758196812,1,1,72.1535187295137
8128,1,0,1,0,1.37841831802277,2.49414934951915,1,0,80.9843563370382
8130,1,0,1,0,-0.290963535940903,0.20035369664006,0,0,NA
8131,1,0,1,0,1.82531126724776,2.41389326655105,1,1,51.6646258160653
8141,1,0,1,0,0.322968985730778,-1.44656562306423,1,0,67.7743304377348
8143,1,0,1,0,1.37187507335122,0.742557690904325,1,1,56.2884075234192
8145,0,1,1,0,-0.223011816996238,0.547859009812796,0,1,45.0523400005897
8146,1,0,0,0,0.841999541716996,-0.284335700421454,1,0,13.325695463557
8148,1,0,1,0,1.7017064959882,-0.755408284643937,1,0,42.7212880340786
8155,1,0,1,0,1.64021123996869,1.06796463943632,0,0,9.53733047580835
8160,1,0,0,0,-0.531806686840389,1.32976977286026,1,0,89.8528696541355
8179,1,0,1,0,1.10889253493623,1.39441305264346,1,0,53.0595398794969
8188,1,0,1,0,-0.165523266783727,3.1390933213024,1,1,28.5948636546361
8189,1,0,1,0,1.6330548876512,0.851505799516408,1,0,NA
8209,1,0,1,0,-0.595954393831,0.542900484788609,1,0,56.9361928848746
8212,1,0,1,0,0.225299497454266,-1.47311256457085,0,0,61.8998048215919
8218,1,0,1,0,0.8641492493724,1.40663292535238,1,0,62.3591914813866
8224,1,0,1,0,0.11541568365888,0.683746573564711,1,0,48.2842007037188
8225,1,0,1,0,1.31379974853347,-0.347749758289238,1,0,33.8524080661691
8232,1,0,0,0,1.01894096632886,-0.838942186896741,1,1,NA
8239,1,0,0,0,-0.90252211892844,1.99294909106428,0,0,19.5408020925075
8268,0,1,0,0,0.308923535488506,0.221479481909701,0,0,39.4949595234992
8271,0,1,1,0,1.97553478809389,-0.0760206506773272,1,0,76.4373232353977
8275,1,0,0,0,0.597324571538351,1.96738590184874,1,0,65.2033062686227
8293,0,1,1,0,-0.63422279157736,-0.902148712799504,1,0,NA
8298,1,0,0,0,0.561891144342278,-3.4435106844255e-05,1,0,NA
8301,1,0,0,0,-0.402741288422385,1.99365244918496,1,1,NA
8303,1,0,0,0,-1.47581238171488,-0.0749371101610272,1,0,NA
8307,1,0,0,0,1.23857832888335,-0.0980008732909273,0,0,40.0877013011227
8315,1,0,0,0,0.799236948038026,0.470381839313137,1,0,NA
8320,0,1,1,0,1.88355460761224,-0.959147883286206,1,1,42.638170379702
8323,0,1,1,0,0.260868370986555,0.702372779063582,1,0,NA
8328,0,1,1,1,0.391482757652767,-0.558301935989989,1,0,NA
8331,0,1,1,0,0.0199179420348333,2.70333121184543,1,1,26.8317118256216
8342,1,0,1,0,0.0740448950213028,0.288820183509771,1,0,NA
8345,1,0,1,0,1.58949040458551,1.63984245252759,0,0,34.5135969860033
8358,1,0,1,0,1.70761981986119,1.7959968414777,1,0,66.1636356441644
8362,1,0,1,0,1.20951303157838,0.446810203519716,1,0,NA
8370,1,0,1,1,0.96853705193865,2.21352637135142,1,0,60.8481140678311
8371,1,0,1,0,0.416188571704097,-0.370752375803412,0,0,NA
8379,1,0,0,0,2.67158861713623,0.384760450240743,1,0,45.8225185480951
8380,1,0,0,0,1.25782564030978,0.301494229936973,1,0,NA
8385,1,0,1,0,0.577373442243816,2.2783423494559,1,0,NA
8405,1,0,1,0,0.311900108003335,2.62865711834719,1,0,51.1848045164203
8409,1,0,1,0,1.63619183075632,-1.05905580114028,1,0,55.0530539999846
8437,1,0,1,0,-0.675807377085904,1.62707879466986,1,0,54.4668411137638
8444,1,0,1,0,0.206322970310428,0.498814498327932,1,0,36.1286917819885
8456,1,0,1,0,-0.378112033084659,1.40554838715365,1,0,NA
8462,1,0,1,1,0.219571832706274,1.72372763820472,0,1,39.0961121963706
8464,1,0,1,0,-1.20076812933595,0.817030052235743,1,0,38.8760351774336
8477,1,0,0,0,1.83278811601653,-1.363528298172,1,0,40.190769859825
8484,1,0,1,0,0.0101807504475613,0.816009513910511,1,0,59.8465838950056
8500,0,1,1,0,0.080932175034382,1.10905052865449,0,1,75.2086527901628
8505,1,0,0,0,-1.19315218446645,-0.20596679263388,1,0,14.1266061276226
8510,0,1,0,0,0.0416152975369826,-0.427488495513493,1,1,46.6119766691319
8511,0,1,1,0,1.66657109615859,1.06663331819726,1,0,96.1705684806343
8515,1,0,1,0,1.32536938666075,0.314319399229285,1,0,62.1705271684102
8525,1,0,0,0,-1.20523946001211,-0.423507977355957,1,0,NA
8536,1,0,1,0,2.15813706707792,1.13562542827004,1,1,NA
8556,1,0,1,0,1.8301777583679,2.02171694514961,1,0,63.9847336936198
8563,1,0,1,0,1.48295167975737,1.2693757414514,1,0,NA
8564,1,0,1,1,-0.548326665008432,-0.371822969959209,1,0,17.5498177849149
8565,1,0,1,0,1.6489056797037,1.75897343364581,0,0,87.4762552792712
8573,1,0,1,0,0.207431216421684,0.69237953339678,0,1,24.8144808369276
8574,0,1,0,0,2.0869699099864,1.75519785271059,1,1,55.5934660965464
8583,1,0,1,0,1.84254599985172,0.682284130703778,0,0,49.2101353109956
8587,1,0,1,0,-0.441796256495952,0.0051434252923348,0,0,51.2333301064887
8594,1,0,0,0,-0.312127087824358,0.686737171912442,1,0,NA
8596,1,0,1,0,-1.77217210959551,1.38328926630981,1,0,NA
8604,0,1,1,0,-0.622706612284978,-0.489834639804543,1,0,NA
8607,0,1,0,0,1.00761945845673,-0.0812289093966071,1,0,64.4012841915334
8608,1,0,1,0,2.75066193324003,1.05365453694708,1,0,71.7663304790192
8618,1,0,0,0,-0.266655105509719,0.779535992396739,0,0,34.7331596334625
8626,1,0,1,1,1.07613763042725,1.23517568449261,1,0,NA
8627,1,0,0,0,0.544677615699774,-1.17544949071884,0,1,NA
8634,0,1,1,0,-0.467529191334535,1.11853077188112,0,0,NA
8640,1,0,1,0,-1.82902727506725,0.984424539212628,1,1,84.5624079077892
8649,0,1,0,0,-0.948325508090537,0.879022285715287,0,1,36.4943054567875
8652,0,1,1,0,0.36877982433419,-1.4019652951755,1,1,57.1646784162756
8655,1,0,1,0,0.110252701002221,-0.369599507714104,1,0,69.7324462155605
8668,1,0,0,0,-1.12269723133384,-0.28067953629447,1,0,43.4216473763373
8672,0,1,1,0,0.645563982798692,1.96232694050277,1,0,40.3193311353059
8680,0,1,1,0,-0.96541659748533,1.09620789155281,0,0,36.0909149725297
8681,1,0,1,0,0.26785437106207,0.679870414404719,0,0,63.7317287016478
8682,1,0,1,0,1.36261699337012,2.03376741674498,1,0,81.1802878656826
8697,1,0,1,0,0.703294621542397,0.463426406488387,1,0,23.7897139168421
8707,1,0,1,0,0.572955164019724,2.1625012077704,1,0,NA
8709,1,0,0,0,0.494573625154351,1.03833280435858,1,1,6.21256391378572
8710,0,1,1,0,1.42809479989493,0.786805280813512,1,1,78.9935316429808
8721,1,0,0,0,0.190934596424326,-0.194679423739536,1,0,0.959522354975952
8725,1,0,1,0,-0.450284516518273,1.58728051689127,1,0,34.4958310972607
8733,1,0,1,0,-0.20888247166255,-0.472192851004909,0,0,41.2974871668387
8737,1,0,1,0,1.60404357110453,1.23918824653045,0,0,NA
8750,1,0,0,0,1.12657768720981,-1.15423793535397,1,0,NA
8754,1,0,0,0,1.94412809974198,0.969577160976654,1,0,9.95510666799422
8755,1,0,0,0,-0.632909012489536,-0.0755438090974306,1,1,NA
8758,1,0,1,0,0.10451436317281,1.2722008028347,1,0,52.38851460455
8785,1,0,0,0,0.449233779448337,1.84742835477202,0,0,57.8692782889765
8789,1,0,0,0,0.232879098753623,0.487917848346488,1,0,35.203394962318
8794,1,0,1,0,2.70418987264127,-1.76595369941063,1,0,65.7312350312504
8802,0,1,1,0,1.91837662550184,1.26192223274854,1,1,52.4696531024933
8811,1,0,0,0,-0.165344637276229,-0.959047551186518,1,0,100.128915436873
8814,1,0,0,0,-0.327331729038126,-0.277289689648992,1,0,79.7746459686725
8840,1,0,0,0,0.515885992784762,0.0021092714243991,1,1,NA
8848,1,0,1,0,-0.254798617098289,0.543819505731663,1,0,47.9321889480139
8871,1,0,0,0,0.191971919812132,1.36914767494866,1,0,51.8632205840237
8875,0,1,1,0,1.43752497441959,1.2590168291679,1,0,NA
8879,0,1,1,0,-0.870538144074824,-0.380896293295295,1,1,46.152120805586
8881,1,0,1,0,0.823771134138934,-1.12243098082727,1,0,54.3928999045777
8889,0,1,1,0,2.0114144359903,0.782248286706849,1,0,NA
8892,1,0,1,0,0.988573653337073,0.642751399246872,1,0,44.1535528760273
8896,1,0,1,0,-0.266064550921227,1.47369547826315,0,0,46.902025338305
8904,1,0,1,0,-1.51033347406313,0.179831097771552,1,1,58.3773224989175
8924,0,1,1,0,1.46216350342106,1.17745475871243,0,0,56.9066197471607
8938,1,0,1,0,2.05965067701416,-0.190501347541142,1,0,34.5822226735563
8940,1,0,1,0,-0.460706433725244,-2.3735931929711,0,0,NA
8954,1,0,1,0,0.16825279924519,1.67790771935326,1,0,66.8192427335101
8958,1,0,1,0,0.923250905352924,0.495623523988492,1,0,37.8834646629774
8959,1,0,1,0,1.13782625116625,1.79375037279637,1,0,51.2675100957386
8965,1,0,0,0,0.615748687916925,3.57264350158178,1,1,63.0409680497534
8966,1,0,1,0,1.50447193510449,-0.718715783954788,1,0,63.0764132494856
8968,1,0,1,0,0.235724589041285,1.08005550404434,1,0,42.6571498857382
8979,0,1,1,0,1.26390938920859,0.291984302873449,1,0,63.859721007452
8980,1,0,1,0,0.142119386598859,0.726566910728152,0,0,77.3740205328331
8986,1,0,0,0,-0.0919675144246026,-0.0130894788140586,1,0,NA
8988,0,1,0,0,1.4477151297654,2.27700927585244,1,0,61.2357931203344
8992,0,1,0,0,-0.871382268309347,-1.05642375401095,1,0,22.2628428311739
8993,1,0,1,0,0.359286968070269,1.37920399764883,1,0,NA
8999,1,0,1,0,1.16988220811848,-2.22760266989333,1,0,39.51021767
9011,1,0,1,0,0.704864988881915,1.30556638374279,1,1,62.4787032824337
9016,1,0,1,0,3.00592574442734,0.941724125312501,1,0,54.3895644722303
9019,1,0,1,0,1.21529888563824,0.43264351650774,1,0,48.4054956246626
9022,1,0,1,0,0.813449890496726,-0.209099602926735,1,0,55.6628681473923
9024,0,1,1,0,0.900146458367594,0.302297989192677,1,1,51.5795532666742
9025,1,0,1,0,0.699731250477019,-0.381295716081237,1,0,NA
9037,0,1,1,0,0.425393288513864,0.796853654202984,1,0,84.5737345590917
9051,1,0,1,0,-0.039512503006725,0.942670095444874,0,0,NA
9052,1,0,0,0,1.68843824156241,0.112367136945403,1,0,68.6567857272039
9074,1,0,0,0,0.463580822462439,0.387005161803567,1,1,50.383502566093
9075,0,1,1,0,0.927546288844765,0.755650131050112,0,0,84.9384406619684
9103,1,0,1,0,0.0949078218897021,0.213481758399454,1,0,NA
9106,1,0,1,0,-0.923347401290034,0.65025193744486,1,1,42.8092372416495
9112,1,0,1,0,1.11882935748517,0.0939259623960589,1,0,29.8656470584774
9113,1,0,1,1,1.2497293632839,1.81264763477669,1,0,76.1900214017988
9119,1,0,0,1,-2.64690669592489,-0.141369879068954,1,0,18.3652812220425
9126,1,0,1,0,1.13574111853878,0.711076882148089,1,1,NA
9127,1,0,1,0,1.79948516930607,-0.314292403328886,1,1,81.8007184303313
9131,0,1,1,0,1.29332475194916,2.35092802700987,1,0,83.8112640052597
9152,1,0,1,0,-0.74629082983828,0.175489188044645,1,0,73.5780729238819
9153,0,1,1,0,2.0592769804266,1.90971241061113,1,0,67.2455922349171
9162,1,0,0,0,-0.539094212509323,0.0130751711851269,1,0,27.5244433132186
9166,0,1,1,0,0.0314629716158223,1.77974958026458,1,0,107.05001601437
9171,1,0,1,0,2.59740966099136,0.0777004689245786,1,0,73.7987016649017
9177,1,0,1,0,0.843480748697714,3.78653621336275,0,0,85.1804734707618
9181,1,0,1,0,1.75087693730535,0.759016024251195,1,0,44.0696822833358
9182,1,0,0,0,1.47961894378488,1.25454496568776,1,1,46.5752472440942
9184,0,1,1,1,-0.196561512680019,3.15250475564254,1,0,121.330378631195
9193,1,0,1,0,2.11531296080767,1.82364826487542,1,0,56.7389849674421
9200,0,1,0,0,0.2044052182187,0.0394632848204415,1,1,50.1346768229875
9201,0,1,1,0,1.07941217568507,0.341104301175294,1,1,73.5318951335864
9212,1,0,0,0,-0.786763424970736,0.997807881218269,0,0,NA
9222,1,0,1,1,2.32637070585531,0.181415090261634,1,0,76.5997315639103
9223,0,1,1,0,2.02005228936496,1.31709843504628,0,1,21.6161298542154
9230,1,0,1,0,2.05735182407628,-0.0319542878050644,1,0,NA
9233,1,0,1,0,0.557733200170263,2.50619935333375,1,1,NA
9243,1,0,1,0,1.34537091982255,0.85702265779469,1,0,50.3892975395667
9251,1,0,1,0,1.38174329892603,0.324331442956255,1,0,57.8716430340773
9267,1,0,1,0,0.189650464456122,2.06032933554886,1,0,NA
9286,1,0,1,1,0.69758379044189,0.211144432104071,1,0,59.7261406611907
9327,1,0,0,0,-1.52705020035101,1.9635599619136,1,0,71.4941026139593
9329,0,1,1,0,1.79617991162384,2.54536339362409,1,0,95.5716218476857
9332,0,1,0,0,1.04866286093454,-0.556665055062351,1,0,NA
9359,1,0,1,0,2.29898553469916,0.0878274840613071,1,0,48.4685297037851
9370,1,0,1,0,0.486691094180141,-0.169354405859544,1,0,34.7499888816977
9372,1,0,0,0,-0.111804813675021,0.588663771381745,1,1,NA
9380,1,0,0,0,0.0651759608779222,1.51224815707028,1,0,34.8042141549305
9391,1,0,0,0,0.156340791821049,-0.990892174179751,1,0,26.219020173455
9395,1,0,1,0,-0.856645877796823,0.804697681652204,1,1,29.6222100719045
9396,0,1,1,0,-1.36131620603255,0.213115014420653,1,0,NA
9423,1,0,1,0,-0.492207371327485,-1.21161358518396,1,0,14.5697123202999
9433,1,0,1,0,0.911991519298066,2.06788372824815,0,0,57.2759497524889
9436,1,0,1,0,2.13972657907566,-0.677285212800961,1,0,67.7732276741593
9452,0,1,1,0,-0.028982496345435,1.49624450329401,1,0,47.7326510174011
9454,1,0,0,0,-0.183033147133113,2.86421065619016,1,0,39.0598546272703
9467,1,0,1,0,1.69565914075948,0.413800765946787,1,0,NA
9489,1,0,1,0,2.47768104904764,1.44850204746971,1,1,49.1628102821458
9491,1,0,0,0,-0.90209850158796,0.0506342449788984,1,0,NA
9492,1,0,0,0,0.104599102066136,0.697012981283158,0,0,NA
9494,0,1,0,0,1.10421306179627,0.407020597029518,1,0,48.0414655543407
9498,1,0,0,0,-0.176562996481157,-0.0577838470993155,0,0,NA
9499,1,0,0,0,0.22305135336677,-0.890574949602841,0,0,40.2840775626594
9502,1,0,1,0,0.233052913975003,0.322625098840386,1,0,31.7571386659897
9505,1,0,1,0,1.18294157032914,0.734546865943551,1,0,NA
9506,1,0,1,1,-0.13128559710424,-0.787253194444846,1,0,51.12505966996
9508,1,0,1,0,-0.277738118831522,-0.480646276576503,1,1,11.0957162305926
9512,1,0,0,0,-0.227087480514836,-0.355767936516628,1,0,53.2198648341638
9513,1,0,1,1,0.343292767099146,0.573026214913922,1,0,42.4890787341599
9516,1,0,1,0,1.00853872259613,0.48093520375843,0,1,30.0301400163752
9534,1,0,1,0,0.10802988278633,2.16827241324854,1,0,85.8330120715794
9538,1,0,1,0,-0.477911806495013,-0.0858609891193173,1,0,68.3067134677102
9539,0,1,1,0,2.18277583489969,-1.02512809612183,1,1,35.4381852722327
9565,1,0,1,0,0.845835312011505,1.2368802556596,0,0,71.0975496109444
9570,1,0,1,0,1.68817018910595,-0.485092400663168,1,0,51.9546259792719
9581,1,0,0,0,-0.833705624137148,-1.51958246120131,1,0,11.8639004390409
9585,1,0,1,0,-0.69523792313603,-0.19010347621153,0,1,84.4696689727568
9599,0,1,1,1,2.24378778933187,1.78675522235188,1,0,NA
9602,1,0,1,0,-0.0845466725452286,2.82289676436088,1,0,38.7097608637177
9610,1,0,1,0,0.372448159114573,-0.145319902244667,1,0,7.27690024353169
9612,1,0,1,0,0.912698971382132,-0.606559549167713,1,0,NA
9617,0,1,1,0,2.08962323126079,1.1129516114762,1,0,52.377725835677
9618,1,0,1,0,1.02913105727592,-0.764087408672867,1,0,41.5491196433376
9627,1,0,1,0,-0.344162845834902,0.807866706608441,1,1,56.5549505682489
9650,1,0,0,0,-0.0750913810495917,0.864901838184679,0,0,NA
9655,1,0,1,0,0.816047193851352,-0.355058830319495,0,1,NA
9656,1,0,0,0,1.14882344862244,0.726006389795107,1,0,40.0196040651118
9657,1,0,1,0,0.727664906456073,-0.51437007255468,1,1,38.9475162819981
9668,1,0,1,0,3.50921928592602,1.59117683784196,0,1,71.0280342702793
9678,1,0,0,0,-0.14474538021385,-0.321514769397643,1,1,NA
9681,1,0,0,1,1.29102746305004,1.611995110092,1,0,67.4826912888554
9706,1,0,1,0,-0.512700064556875,1.68073545469872,1,0,49.8000814468834
9708,1,0,1,0,0.616567497194865,0.309896963558346,1,0,31.1039754029055
9709,1,0,1,0,3.0166794538399,0.923031353319887,1,0,49.6567897086335
9718,0,1,1,0,0.611621291820726,2.05359581281135,1,0,44.3342866864612
9721,1,0,0,0,0.416460362260108,0.385727417246433,1,1,5.68272299410435
9725,0,1,1,0,1.52783749811067,-0.316948175731644,0,0,86.1517701568277
9730,1,0,1,0,0.971576212358636,-0.797220172897649,1,0,21.824734711262
9733,1,0,1,0,1.07149166001528,1.60159190125853,0,0,27.2872538529595
9745,0,1,1,0,0.568760590125726,0.571239351382018,0,1,9.38547223950256
9758,1,0,1,0,0.391149163082169,0.57526656959522,0,1,42.1984994033484
9759,1,0,1,0,0.0218201654545075,-0.103844350859517,1,0,36.4915188825167
9773,1,0,1,0,0.032343666881932,1.34898069048796,0,1,58.7369499355756
9780,0,1,1,0,1.09137228315094,1.27480584692531,1,0,50.4731288554698
9783,1,0,1,0,0.898196516431296,1.14470022221003,1,0,51.5646535141268
9786,1,0,1,0,3.13949891288911,1.48073308772927,1,0,65.1245517255022
9788,0,1,1,0,-0.758810097410904,0.858658417917192,0,0,NA
9800,1,0,1,0,0.425708455070469,-0.453031716357816,0,0,NA
9817,1,0,1,1,0.34467716835399,-1.14129624199811,0,0,NA
9826,1,0,1,0,-0.643264873974228,-0.582774035437769,1,0,NA
9827,1,0,1,0,-0.632780391763395,0.552672145994874,1,0,28.2170926170292
9829,1,0,0,0,1.28485768516505,3.2614300771007,1,0,64.3572972164171
9848,1,0,1,0,0.276479218249869,0.295629734870141,1,0,45.9402831871719
9851,0,1,1,0,0.9165115046118,1.07465449337463,1,0,74.0403559795856
9877,1,0,0,1,-1.52797362258136,1.53815821064556,1,0,31.6242635495554
9894,1,0,1,0,1.28948178567948,0.914106905149454,1,0,NA
9898,1,0,1,0,0.973211288836923,-0.526070115013726,1,0,NA
9903,1,0,0,0,-0.01462032163773,1.15288220578104,0,0,NA
9904,1,0,0,0,0.370980272307593,0.267197751717317,1,0,NA
9925,1,0,1,0,1.52085928402951,1.81260913945208,1,0,NA
9927,1,0,1,1,-0.368031151101293,-0.0230775396816516,1,0,57.2894119303402
9932,0,1,1,0,1.15627812927432,0.0292677376880731,1,1,42.3538702436196
9933,1,0,1,0,0.527303868580357,-0.0543835024375944,1,0,NA
9935,1,0,0,0,0.446506368422048,1.29138465526314,0,0,35.1496524467799
9937,1,0,1,0,0.406096367772787,0.746902774019021,1,0,51.4230572766596
9939,1,0,1,1,0.207462104032405,-0.362548900653666,0,0,70.7136922356877
9943,1,0,1,0,0.789385026998782,1.66335365313949,1,0,NA
9952,0,1,0,0,0.684078193769032,-0.204707251923442,1,0,29.4613295513204
9961,1,0,1,0,0.0677189962189384,-1.6041203970993,0,0,NA
9973,1,0,1,0,-0.164857297398829,0.747657486878838,1,0,56.0591903525484
9976,1,0,1,0,2.03265699645276,1.74628693672327,0,0,51.3017407073396
10019,0,1,1,0,2.85513558067887,1.90782357458344,1,0,60.4999132071428
10021,1,0,1,0,0.0779473235476805,1.87954442986453,1,0,35.9974426517256
10044,1,0,1,0,0.851921846838803,0.289869799856614,1,1,41.417732116297
10059,1,0,0,0,0.148156599144443,-0.377230003166073,0,0,39.869859413485
10069,1,0,0,0,-0.57879878460169,-0.59783474115878,1,0,66.3783726954749
10076,1,0,1,0,2.67548308760748,1.73726817373534,1,0,60.0075321212802
10077,1,0,1,1,0.687758152117305,-0.0846671191603317,1,0,NA
10096,1,0,0,0,-0.525044747349747,-0.285231378063283,1,0,19.5032763678677
10098,1,0,1,0,1.08126712348872,-0.276682823833589,1,0,81.1351471160921
10099,1,0,1,0,1.9969351361935,1.35072069913063,1,1,52.9743377937676
10106,1,0,0,0,-0.736738874552846,1.0844603497863,0,1,26.9284273985093
10108,1,0,1,0,1.82707479377,3.88032933624007,1,0,69.6907200130635
10111,1,0,1,0,1.26248733624478,1.49264667597187,0,0,47.826493822651
10115,1,0,1,0,1.11796647856347,0.906377177281936,1,0,50.5524351733925
10119,1,0,0,0,0.262141227318847,-1.00013950727162,1,0,NA
10136,1,0,1,1,0.750100453383884,-0.202505945154818,1,1,33.166532891258
10143,0,1,1,0,0.695246822209025,0.691371886051847,1,1,NA
10158,1,0,0,1,0.334084184073423,-0.95569909409224,0,0,32.6032660097464
10171,1,0,0,0,0.650839869490332,-0.38442204617445,0,1,60.4070970976821
10172,1,0,1,0,-0.723065586766835,0.0328499101047864,1,0,45.6434789301857
10187,1,0,1,0,0.728055724640657,2.1112216371342,1,0,72.2317857476385
10197,1,0,0,0,-0.376700493234334,-1.01056951873646,1,0,NA
10205,1,0,1,0,1.45559160205088,0.0624784294024521,1,1,31.8701059845444
10206,1,0,1,0,-0.0387393748366805,-0.507163190547952,1,0,NA
10207,1,0,1,0,1.72798713021474,-0.595463510867988,1,0,1.32888242679882
10208,0,1,1,0,2.15210883517376,0.437490649683767,1,0,71.3700367365312
10231,0,1,1,0,0.148542665344185,1.14931179134637,1,1,57.7622441141193
10233,1,0,1,0,-0.403531635060874,0.0978024392702817,1,1,NA
10243,1,0,1,0,0.387806676673337,1.16242642078465,1,0,NA
10253,1,0,1,0,-0.753079623749978,0.420670410118927,1,0,47.5544443767591
10265,1,0,1,0,0.668198735782268,-0.165886728783307,1,1,NA
10278,1,0,1,0,0.541161314699187,2.61273251859237,1,0,102.089244017725
10281,1,0,0,0,0.0388633798640151,0.691676723423533,1,1,NA
10282,0,1,0,0,0.844575364612177,2.74824143343721,1,0,45.1599902091254
10288,1,0,0,0,-0.0390576297302805,0.7604276738024,1,0,71.1806236217264
10289,1,0,0,1,-0.430583003018288,-2.16588207999399,0,0,26.338869286182
10290,0,1,1,0,2.39704512399475,2.0749581713865,0,1,64.6539506869013
10297,1,0,0,0,-0.12904758293208,0.726955062175443,1,0,NA
10306,1,0,0,0,2.15094058171892,2.81410906478353,1,1,72.2166318284182
10312,1,0,1,0,-0.962121475112224,2.31451499054566,1,1,59.8811075469025
10316,1,0,1,0,0.847777533437773,1.76175841326525,0,0,54.0519017416767
10318,1,0,0,0,0.930196238581436,0.981466625946015,1,0,NA
10319,0,1,0,0,0.173306970188111,-0.852260320498652,0,0,NA
10326,1,0,1,1,1.20337576178362,-0.35731124743709,1,0,94.0103349922414
10328,1,0,1,0,0.282105220369754,2.13945222179712,1,0,107.365954971967
10344,1,0,1,0,0.507317974058536,1.82719591052487,1,1,71.2748033323266
10345,1,0,1,0,0.76406452173233,-0.235597246969718,1,1,35.5275860586925
10346,1,0,1,0,0.065693367572417,2.43355544140396,1,0,32.5754596954417
10352,1,0,0,0,0.388938144166521,0.350810665368279,0,0,55.7434213153119
10355,1,0,1,0,2.19959391208817,1.0661279239823,0,0,NA
10372,1,0,1,1,0.30244506254627,-0.998742808730398,1,0,69.453097692106
10381,1,0,0,0,3.46596768786751,0.522086956855975,1,0,53.5886046832701
10388,1,0,1,0,0.802369074477254,0.968081363403265,1,0,92.9238791410719
10397,1,0,0,0,0.260726169008258,0.216294253385167,1,1,44.877767113587
10408,1,0,1,0,1.42928311417871,2.15891773786252,1,0,55.5663643002408
10438,1,0,1,1,1.16927575257385,1.3964288479205,1,0,35.9702189130379
10439,1,0,0,0,0.158434512159088,-0.648704706320359,1,0,17.4500293941743
10444,1,0,1,0,0.394253428349131,-0.114521339455717,1,1,84.9431956538344
10453,1,0,1,0,-1.09993561259344,1.25449521456905,1,0,55.1066523971923
10458,1,0,1,0,0.0203362918712758,0.790941446730585,1,0,79.1184077105669
10460,1,0,1,0,-0.452638701046518,0.540389122028777,1,0,42.8095620591798
10470,0,1,1,0,0.78072348344272,2.76608059768303,0,0,27.352498720012
10474,0,1,1,1,0.207869775003054,-0.00727517418079461,1,0,34.8431903208321
10476,1,0,0,0,0.249783961353514,0.850782161613289,1,1,24.8949501140367
10480,1,0,1,0,0.247948861521174,0.825445496128812,1,0,59.550082958581
10496,1,0,0,0,0.199509919902866,2.26094947936875,1,0,9.76751442729458
10514,1,0,1,1,2.14906347526295,3.06880493885683,1,0,30.0256787391695
10518,1,0,1,0,-0.299695820177483,0.119229354232065,1,0,NA
10522,1,0,1,0,2.55716694266158,0.343768026035718,1,0,76.0710629441877
10524,1,0,0,0,2.09359378336746,1.45465578038908,1,1,58.9963820337261
10537,1,0,1,0,0.546974080448161,-0.238490953569143,1,0,NA
10539,1,0,0,0,1.18291568562016,0.327805732282417,1,0,55.0125465086605
10552,1,0,0,0,0.233414401797879,-0.472712254278105,0,1,NA
10558,1,0,1,0,-0.674174211107078,-0.237441340797565,1,0,34.0520259732826
10560,1,0,1,0,0.583832517221699,0.607298700970703,1,1,74.915738791461
10567,1,0,1,0,2.14194948888631,0.0215740998433523,1,0,NA
10568,0,1,1,0,-0.868863010597298,1.40626206377646,1,0,75.0881531615243
10575,1,0,0,0,-0.493633770612465,-1.2059099747553,1,0,NA
10577,1,0,1,0,-0.33690074516103,-0.489106777388715,0,0,10.9740983348481
10596,1,0,0,0,-1.06182984797714,0.66674320686955,1,0,NA
10599,1,0,1,0,0.0125830015320825,2.66550571526691,0,0,50.7925057915327
10601,1,0,1,1,1.19762135808499,0.521832788634201,1,0,73.9678498006069
10616,1,0,1,0,0.241203892573759,-0.14152868434334,1,0,NA
10618,1,0,1,1,1.25334398237749,0.402799811280893,1,0,29.953821795433
10626,1,0,1,0,2.46893711866581,-0.152957698125012,1,0,62.4429700972751
10629,1,0,0,0,-0.448607647194385,1.48082810689323,1,0,NA
10630,0,1,1,0,-1.06425874057054,0.37318505048039,1,0,78.8628371077737
10632,1,0,1,0,-0.530017727832222,0.159743069973882,1,0,NA
10634,1,0,1,0,1.98928610089398,0.541452395897336,1,0,19.2341479945567
10677,1,0,1,0,1.15701448733963,1.94586182886891,0,0,50.7050598202676
10705,1,0,1,0,1.45119030616792,2.4473336572719,0,0,42.5113365165484
10713,1,0,1,0,-0.570916923241362,0.210786613547897,1,0,41.1502890743592
10733,1,0,0,0,-1.05998643454746,-0.41554651347826,1,1,42.6501377560875
10737,1,0,1,1,0.235020855394236,-0.436950853441304,1,0,78.2153669603147
10745,1,0,1,0,1.45510680831979,-1.39061075382716,1,1,65.0518390877707
10746,1,0,1,0,1.35316244531558,2.49037682613115,1,0,77.0482361630271
10752,1,0,0,0,-0.143938037091802,-0.182611455929018,1,0,-0.986657248059124
10767,1,0,0,1,-0.478581221905244,-0.701079008793314,0,0,NA
10774,1,0,0,0,0.14602864918998,0.0958247445522199,1,0,26.1175279450227
10779,1,0,0,0,1.78120853076731,0.957547330192253,1,0,NA
10790,1,0,0,0,-1.39588905564414,1.08602642363764,1,0,36.2551748872228
10793,1,0,1,0,-1.26108600055703,-1.04594584390206,1,0,36.2471990208401
10813,1,0,1,1,0.179209375198214,1.70242312499577,1,0,23.9794029329482
10814,1,0,1,1,-0.182425498554805,0.48869802478758,1,0,54.5205937141962
10816,1,0,0,0,0.112304331981827,0.237486025201926,1,1,NA
10833,1,0,1,0,1.33984938713632,-0.148933395184946,1,1,25.0373144119263
10838,0,1,1,0,0.548021189172787,0.866585886613773,1,1,93.1813153955221
10845,1,0,1,0,1.68318592368049,-0.236326903447333,1,0,67.3004656542155
10851,1,0,0,0,1.05545198718659,-0.840533203396428,0,0,21.5035081022057
10853,0,1,1,0,0.25269673283544,0.252450650159423,1,0,NA
10860,1,0,0,0,0.5822227954086,2.27995428567488,1,0,NA
10868,1,0,1,0,0.594427672748744,2.06686818623296,1,0,74.5252246605167
10870,0,1,1,0,0.595768765323311,0.890125171174897,1,0,NA
10881,1,0,1,0,0.348715913374182,0.198196616977697,0,0,54.3466907356931
10897,1,0,1,0,1.51692757235485,1.11381415504765,0,0,75.8679720117442
10923,1,0,1,0,1.03692960552437,0.352102835813058,1,0,57.7950891937332
10928,0,1,1,0,0.197413757197736,0.379870913289684,1,0,27.3623829003157
10937,0,1,0,1,1.62481151056558,1.01482963879033,1,0,72.0338039856352
10940,1,0,1,0,-0.46646031881458,0.57520729884558,1,1,NA
10942,0,1,0,0,-0.878282425254165,0.583219955784633,1,0,45.1588573964669
10948,1,0,0,0,-0.0145242615264035,-0.90564439247875,1,0,24.8863258567633
10949,0,1,1,0,-1.41822715144564,-0.291943522610201,1,0,46.0531781190007
10963,1,0,0,0,2.19994430564261,1.32906650095402,0,0,51.9510518175039
10972,1,0,1,1,-1.03999396967146,1.82031060800667,1,0,72.7680503310056
10973,1,0,1,0,2.35785436561603,0.0533010641984476,1,0,39.058721817165
10978,1,0,1,0,-0.659407957393544,1.16884574612465,1,0,42.2321056266078
10981,1,0,0,0,0.272117736188178,2.50866098127545,1,0,38.2082948993234
11004,1,0,0,0,1.60347957623613,-0.414311516668762,0,0,51.9378354055175
11006,0,1,0,0,-0.691728382122126,-0.270518426752878,1,0,35.5955561468229
11013,1,0,0,0,0.606832107113421,-1.20968058808722,1,0,NA
11015,1,0,1,0,0.992948644288033,1.30835350343996,1,0,4.81132187510918
11021,1,0,1,0,0.69186881543371,2.80415545492643,0,0,88.8163794501296
11030,0,1,1,0,-0.0697376015795805,2.21356372841542,1,1,54.231889378818
11031,1,0,1,1,1.05247057898065,-0.578627690293391,1,1,NA
11052,0,1,0,0,0.321853413785941,0.605664030333935,1,1,33.2565999161854
11065,0,1,1,0,2.04599955601585,0.778094212557047,1,0,72.3316597982007
11076,1,0,1,0,1.82903486167917,1.74327401792122,1,0,NA
11077,1,0,1,0,2.33736205248297,1.36511746212047,1,1,55.809596193659
11081,1,0,1,0,0.115464221996729,2.25744408674333,1,0,47.1230542471784
11093,1,0,1,0,0.668119967760604,1.15024915227216,1,1,NA
11099,1,0,1,0,-0.100437157272852,-0.597070628306394,1,0,92.0849743781256
11121,1,0,1,0,0.351025304506425,-1.0215600289332,1,0,52.3999291505946
11126,0,1,1,0,0.512475763578238,0.066458186707523,1,0,81.607403132239
11136,0,1,1,0,1.42886280640021,2.11293898355869,1,0,NA
11137,1,0,0,0,0.523922468352968,2.23181258559888,0,0,60.4681651567701
11138,1,0,0,0,1.34046508745138,-0.047401620423327,1,0,77.0564650310581
11148,1,0,0,0,1.10767758511405,0.419027710577402,1,0,24.8320170629576
11161,1,0,0,0,-0.19097370175958,1.03128265261388,1,0,37.3843533859605
11183,1,0,1,0,1.19002689197053,2.04063207963066,0,0,NA
11185,0,1,1,0,1.40709691583758,0.0363080976978047,1,1,48.862792404721
11196,1,0,1,0,0.384320860305138,0.498435769230836,1,0,NA
11206,1,0,1,0,0.735255436616741,0.310939905621558,1,0,69.0224368255305
11210,1,0,1,0,1.3841962588537,1.50042484108907,0,0,40.1788917055339
11222,1,0,1,1,0.249598328486542,-0.53426671043065,0,0,NA
11226,1,0,0,0,-0.205429367587087,0.913153877295448,1,0,38.1421741783393
11227,1,0,1,0,-0.355837716135042,-0.832496894068424,1,0,47.1998549313056
11240,1,0,1,0,2.20430710275601,-0.270220419404235,1,1,NA
11253,1,0,0,0,0.568627225354595,-0.739560260588817,0,0,52.2266900636527
11256,0,1,1,0,-1.22670504830871,0.00436564927758554,1,1,56.7015455514358
11280,1,0,1,0,0.769331274133758,0.629431066174258,1,1,NA
11288,1,0,1,0,0.238449036096589,0.426602779369408,1,0,54.5738632952717
11296,1,0,0,0,-0.696249249621178,-1.02961888767402,1,0,NA
11303,1,0,1,0,0.0327768694308942,0.0514438290173426,0,0,NA
11305,1,0,0,0,-2.57295075198248,-0.458019199331185,0,1,NA
11311,1,0,1,0,1.59078207065148,2.64171877414972,1,0,93.017637807264
11327,1,0,1,0,-0.181287484016778,2.46508946751882,1,0,NA
11331,1,0,1,0,-0.113259488544864,1.03815650003223,0,0,55.2161016899129
11354,1,0,1,0,3.42815499449304,0.598659056827182,0,0,88.6678666854648
11368,1,0,1,0,-1.17151242329712,-0.693892830131855,1,0,NA
11376,0,1,0,0,0.313737392107036,0.383193546993879,0,1,NA
11401,1,0,1,1,-0.371840516691205,1.71403378994191,1,0,68.6940255175202
11404,1,0,0,0,-0.807309925928704,1.22964437247978,1,0,60.5923587972472
11405,1,0,1,0,1.67306883910447,0.891033524892604,0,0,41.4453532169736
11413,1,0,0,0,-0.745767111386572,0.919332442832565,1,1,NA
11414,1,0,0,0,0.589401381616754,0.681550888540569,0,1,10.4998372113456
11425,1,0,1,0,2.11576919652414,2.61350886999389,1,0,66.8429481308561
11430,1,0,1,0,-1.25862077915942,0.413366306386886,1,0,46.0778746600301
11432,1,0,1,0,0.630099514186826,2.09482641152469,1,0,NA
11450,1,0,0,1,1.48826214159231,2.31344193343946,1,0,41.9226136296977
11454,1,0,1,0,0.302324356130304,0.162555838410292,1,0,NA
11459,1,0,1,0,-0.335712017773661,0.916622311398703,1,1,83.3461006763979
11474,0,1,1,0,1.90526469286295,2.45353895874176,1,0,38.067742447024
11475,1,0,1,0,1.85523950884573,1.25866628764971,1,1,25.8371552285097
11478,0,1,1,0,-0.323199575516367,0.721418855007383,1,0,81.181411152912
11484,1,0,0,0,0.581049727068893,0.269867457752935,1,0,55.3523437817108
11486,1,0,0,0,0.76208462391085,0.354460164382717,0,1,NA
11497,1,0,1,0,2.21471371553233,-0.274478237890344,1,0,-10.4623565346316
11504,0,1,0,0,1.90689721182715,3.0499796579092,0,0,NA
11513,1,0,1,0,1.77241924597614,-1.00451599743124,0,1,62.7844745940425
11528,1,0,1,0,1.86056678569129,2.18931523697682,1,0,NA
11535,1,0,1,0,1.39244583284678,1.39619618395509,1,0,50.3704135495345
11541,1,0,1,0,-0.395175069078128,-1.29509119094297,1,0,53.3791841757684
11544,0,1,1,0,0.53122012826537,2.35154547551779,1,0,67.397910618963
11550,1,0,0,0,0.364700755004303,0.407980198817812,0,0,NA
11551,1,0,1,0,1.70553096615171,-0.20613703260963,1,0,38.2926615692079
11552,1,0,1,0,1.60603768699076,0.207701988124623,1,0,41.0355329491877
11554,1,0,0,0,1.76758374583871,-0.338117793807244,0,0,39.4547775917893
11568,1,0,1,0,-1.11228862769835,1.0736508418388,1,1,25.5597650036977
11570,1,0,0,0,0.132793661909937,1.03307198148337,1,0,22.35664322765
11578,1,0,0,0,-0.152953663963819,-1.80168270224312,1,0,41.6650156488854
11582,1,0,1,0,1.3254947639764,1.82949395918853,1,1,67.6840685628326
11606,1,0,1,0,1.38496644745301,1.31218506503231,1,1,103.03093788725
11613,0,1,1,0,1.49155290601908,-0.115172874935737,1,0,67.1998229210033
11616,1,0,0,0,0.323424246624997,-0.879322100686111,1,0,54.8464637763748
11618,1,0,1,0,-0.972331347154877,1.26181259586666,1,1,NA
11619,1,0,1,0,0.135222985524379,-0.172696796407312,1,1,56.6309787420472
11625,1,0,1,0,0.475285986732579,0.159933177097379,1,1,55.7854311845738
11629,1,0,1,0,0.30537688650615,1.65180684155439,1,0,42.766158327096
11637,1,0,0,0,-0.0243945474505169,2.02986436571177,1,1,-15.6505188906122
11639,1,0,0,0,1.14838166352132,0.909473839783505,0,0,64.1402943519741
11644,1,0,1,0,2.1209661685318,1.62671982662912,0,0,82.5235341239343
11653,1,0,1,0,0.213716656436515,1.37381554951496,1,0,29.9297203774249
11654,1,0,1,0,0.127209727447083,0.460205449171211,0,0,27.0151430742251
11673,1,0,1,0,-0.436721558051537,3.22742969155491,1,0,58.7671214800111
11679,1,0,1,0,1.49944233939264,-0.273278404925931,0,0,62.454583250163
11687,1,0,0,0,-0.276740850841381,0.347518878585156,1,0,NA
11692,1,0,1,0,-0.708676934950126,-0.00815429406811247,0,0,72.816497521889
11694,1,0,1,0,-0.0161481109585919,0.836870022280323,1,0,42.1514781842982
11701,1,0,0,0,-1.79732797308122,2.41720161902721,1,0,NA
11713,1,0,0,0,-2.01059476922431,2.47285943287716,1,0,36.5410978265428
11728,1,0,1,0,-0.630682399366117,0.285004945592671,0,1,72.0627055406713
11731,1,0,0,0,-0.3819694320652,0.553412632506781,1,0,32.2344331249272
11739,1,0,0,0,0.402348734130376,1.84207371677592,1,0,57.8198350133582
11749,1,0,0,0,-1.19755338647295,-1.04694694672442,1,0,37.8907180547267
11761,1,0,1,0,0.801782184996746,0.818282903884989,1,0,NA
11762,1,0,1,0,2.58781490923891,1.49007944502863,1,0,58.6799111392744
11770,1,0,1,0,0.470112881236047,1.45608528152876,0,0,38.2589650355627
11808,0,1,1,0,-1.21070269563334,0.366424256413548,1,0,NA
11814,1,0,1,0,0.337075643519842,2.60956439172175,1,1,87.0494018980884
11820,0,1,1,0,2.03037558275128,2.2351400592445,1,1,74.9235572749666
11827,0,1,1,0,0.897143294920732,0.35667699972494,1,0,53.3578081021629
11831,1,0,1,0,-0.841461857193707,2.62405648930486,0,1,NA
11856,0,1,1,0,0.468225875019273,1.46334303947588,0,0,65.7770695707792
11859,1,0,0,0,3.08566655993567,1.38584700287508,0,0,NA
11872,0,1,0,0,2.4624940096713,1.98379549849838,0,1,77.4983523785732
11898,1,0,1,0,0.39349869593485,2.04960848896859,1,0,69.9805860790697
11900,1,0,0,0,0.649712354814008,2.4285577048506,1,0,32.8030717081018
11932,0,1,1,0,-0.855391430100137,0.499204783951309,1,1,91.6710994337685
11945,1,0,1,0,-0.0261686014945044,1.50820701669213,0,0,57.3822300340318
11959,1,0,0,1,0.771800814116817,1.89137181856798,0,0,15.3384213135203
11969,1,0,1,0,0.184716050803939,1.77152521713755,1,0,69.8980304081829
11970,0,1,0,0,0.606199831527844,0.258390947107681,1,0,30.7221181400856
11980,1,0,1,0,0.0357162927824197,1.89275415425791,0,1,83.7934420625733
11987,1,0,1,0,3.24080132605824,2.58038475431048,1,1,77.1116492603343
11993,1,0,1,0,-0.135920485055328,1.16335881478678,1,0,29.8358040539558
11994,1,0,1,1,1.1807613455538,1.41630679475308,0,0,NA
11995,1,0,1,0,0.66044847582036,1.34396611853614,1,0,50.441556647861
11997,1,0,1,0,-1.0897920471253,0.755536622660768,1,0,-5.00279784366922
12008,1,0,1,0,2.69519088314863,0.133696704984008,1,0,41.084636067768
12016,1,0,0,0,0.573499868285718,1.08470072994287,1,0,57.1946035848263
12032,1,0,1,0,-1.81705087913108,-0.0205436116546748,1,0,NA
12033,1,0,1,0,0.522627640309456,0.940357301811519,1,0,NA
12042,1,0,1,0,-1.00886977580749,0.203820838115117,1,0,30.7589185630803
12057,1,0,1,0,1.83657261685174,0.851493855375306,1,1,NA
12059,1,0,0,0,1.86280064862509,0.729903372776422,1,0,NA
12064,0,1,1,1,-0.118908332613711,-0.512354471234277,1,0,21.5912399332709
12072,0,1,1,0,2.56724723523185,0.411725542751104,1,0,NA
12075,1,0,1,0,1.94351413107961,1.4297029367013,1,0,35.5010264018236
12077,1,0,0,0,1.26659726116718,1.09979185229636,1,0,NA
12087,1,0,1,0,0.179297796272485,-0.140099809293249,1,0,49.3719906126275
12093,1,0,0,0,0.318005804188042,1.12323194221053,1,1,21.4772762436336
12101,0,1,1,0,1.66896678420809,0.690992010990744,1,0,41.2647832984001
12108,1,0,1,0,1.07888766435985,0.521021035378875,1,0,NA
12117,0,1,0,0,0.099974942693923,0.0709976422993393,1,0,25.5942565255846
12118,1,0,0,0,-0.627560376145821,0.626829369836201,1,0,39.0585397628977
12137,1,0,0,1,1.68614808932097,1.16445853695514,1,0,51.3889287057482
12154,0,1,1,1,-0.243800884050298,0.166959549401339,0,0,39.7034072949536
12166,1,0,1,0,2.74962397777015,1.28014236432356,1,0,63.9286135777597
12167,1,0,1,0,1.50553761029366,-0.210448297243898,1,0,28.1502670260767
12173,0,1,1,0,2.04264070065624,1.72903940255997,0,0,88.376621459989
12175,1,0,0,0,0.0334649632398965,0.970009588710769,1,0,55.2395410539916
12184,1,0,1,0,1.30298998890686,-0.694486114393395,1,1,66.6648802560993
12199,1,0,1,0,1.10443635098491,-0.155455227121975,1,0,66.6948676655642
12204,1,0,1,0,-0.57099979230983,-0.801963240330219,1,1,45.077293570915
12215,1,0,1,1,-0.158109129424884,1.91548969023156,1,0,110.669335627526
12252,1,0,0,0,0.133837716507171,0.915655063328221,1,0,33.9494362584225
12267,0,1,1,0,0.28600640398965,3.00536589531718,1,0,84.2679206659944
12284,1,0,1,0,-0.0492134989568322,-1.76319941354848,1,1,31.2542894884572
12285,1,0,1,0,1.33877327588842,0.334920806779314,1,1,39.6194098038568
12305,1,0,1,0,2.63676601625075,0.366644208510848,0,0,62.4697741078687
12322,1,0,1,1,0.980486534403732,1.6034629693394,1,1,44.3962029836008
12330,1,0,0,0,1.30076905764294,0.811379116371972,1,0,32.2918344808066
12331,1,0,1,1,0.720048923835587,1.69865325997553,1,0,27.3712954478853
12332,1,0,1,0,-0.191586389852491,1.43500583772609,1,1,17.9739844837115
12340,1,0,0,1,-0.287396863078732,-1.60571210886479,0,0,NA
12346,0,1,1,0,2.09561043717345,1.38634337319051,0,0,101.364944950655
12348,1,0,0,1,-0.244206287779395,0.776762640192263,1,0,29.4325078448546
12356,0,1,1,0,-1.22442369505987,1.38699484421966,1,0,42.4491440462446
12363,1,0,0,1,0.365846753759409,-0.76902522187176,1,0,36.5118408049054
12370,1,0,1,0,0.594497878738337,0.79376275810692,0,1,62.2772687785026
12387,1,0,1,0,1.06109963901394,1.19603595493684,1,1,NA
12396,1,0,1,1,1.20230924534658,0.546016998419713,1,1,95.0159642008184
12398,1,0,1,0,-0.012458220019497,-0.433156724715273,1,0,64.3778728739828
12428,1,0,1,0,-0.382062476285515,0.0716391087716214,1,0,77.3358023073777
12429,0,1,1,0,-0.377448331652585,-0.297182695886979,0,0,49.1882941142328
12438,1,0,1,1,-0.135067471191942,-0.690484966489077,0,0,15.470575259434
12445,1,0,1,0,-0.149053316416137,0.276226472204097,0,1,78.5812740927517
12451,1,0,1,1,1.12294487241333,0.577428964170649,1,1,43.1513087193157
12466,1,0,1,0,2.02215967737819,1.65908852365658,1,0,81.7557730118944
12478,1,0,1,0,1.68102454275555,1.72870869862336,1,0,69.769291709737
12479,1,0,1,0,0.670305901698982,2.31318027335995,1,1,61.6491201182736
12485,1,0,1,0,1.12601876070239,-0.151042393813115,1,1,56.8870244531112
12494,1,0,0,0,0.280825114304125,-0.154723663362901,1,1,47.2822242450219
12499,1,0,1,0,1.35121135723512,1.81807378058878,1,0,63.3125854028473
12504,0,1,0,0,-1.45171118298974,-0.161738306959687,1,0,41.4779055673297
12519,1,0,1,0,1.62145093174652,0.330482680254419,1,0,65.7712536330228
12523,0,1,1,0,1.67745859476036,1.21562830112555,1,0,NA
12533,1,0,1,0,2.13379049995549,0.520744316244785,1,0,72.1333469910431
12546,1,0,1,0,0.497280993780318,0.0288299352983441,1,1,89.4432134171335
12553,1,0,0,0,1.72773078950633,1.3909008829049,1,0,NA
12564,1,0,0,0,1.16859462896332,-0.08973715415066,1,0,NA
12565,1,0,0,0,-0.784462284088197,-0.880012191906426,1,0,28.5570661804738
12579,1,0,1,0,1.80431208277038,2.26895319835983,1,0,47.1039462271245
12604,0,1,1,0,2.01071565298125,2.31532724822412,0,0,50.9641253401106
12613,1,0,1,1,0.820810332459548,1.3502136809949,0,0,58.0570136657828
12633,1,0,1,0,-1.17146976166945,0.127647519007124,1,0,35.795275467094
12634,1,0,0,0,0.526143716076061,0.488689159060759,1,1,55.9117868024168
12638,0,1,1,0,1.18004934197953,1.82933701032032,0,0,60.0705645016821
12651,1,0,1,0,1.80345689704897,-0.0236918261093441,1,1,20.8515975411566
12654,0,1,1,0,1.16631994057936,0.67229161369195,1,1,NA
12658,0,1,0,0,0.922340180873737,0.74771802172598,1,0,NA
12665,0,1,1,0,2.46914335776774,0.378693579987651,0,0,89.8331267685666
12680,0,1,1,0,0.873698202874859,-0.951607147379896,1,0,16.152764949399
12681,1,0,1,0,1.48961152196423,0.0505020899214521,0,0,61.7291187884328
12683,1,0,0,0,-1.07682987998706,1.467910232594,1,0,NA
12688,1,0,0,0,1.46962712199263,1.38458947558793,0,1,NA
12709,0,1,1,0,2.54340992104565,-0.351957689302926,1,0,77.3456172494897
12716,1,0,1,0,0.779465324103117,0.722636727577935,1,0,48.9297927038371
12720,1,0,1,0,-1.29605508985179,0.763113825231738,1,1,NA
12726,1,0,1,1,-0.154362630580237,0.99043837340613,1,0,60.118821260739
12732,1,0,0,0,-1.21924192231472,-0.248385004734786,1,0,61.8707757901683
12758,1,0,0,0,-1.34092564502944,-0.794393783280858,0,0,NA
12759,1,0,0,0,0.44402630618547,1.23813243581748,1,0,NA
12763,1,0,0,0,-0.431674205268406,1.79456735305932,1,1,32.3731033833145
12765,1,0,1,0,0.134554477213283,3.9289010209506,1,0,69.702123847118
12792,1,0,1,0,0.394543968178151,1.30692168717007,1,1,45.8826139910311
12802,1,0,1,0,-1.41961336819425,0.289224196287345,1,0,30.1087464793298
12805,1,0,1,0,0.617775505470515,-0.802133105291176,1,1,NA
12806,0,1,1,1,1.4464176244941,2.72017361184902,1,0,56.5368109879733
12814,1,0,1,0,2.587686131199,0.398304059983765,1,0,64.4671387126305
12827,1,0,1,0,0.21797769486849,1.04444420135964,1,0,60.3893435237706
12829,1,0,1,0,0.435215550582194,1.14188028113159,1,0,NA
12839,1,0,1,0,-0.75702801797863,0.0149445882380739,1,0,67.1725250378028
12842,1,0,0,0,0.329344387719539,1.94602039528456,1,0,NA
12857,1,0,1,1,1.71122934481836,0.951034695957243,0,0,48.9559106797407
12861,1,0,1,0,-0.245162347146994,0.929798828818671,0,0,NA
12864,1,0,1,0,2.92176450465507,0.746948612653543,1,0,NA
12869,1,0,1,0,-0.00394276352960177,1.69000943354858,0,0,45.5522180234428
12871,1,0,1,0,1.56038880860841,1.52151231599943,1,0,NA
12872,0,1,1,0,1.52170613336078,-0.455741593706339,1,0,43.0587904886453
12874,1,0,0,0,0.480781054303781,1.4025539081182,0,0,44.9287367262944
12878,1,0,1,0,-0.839426525265228,1.53965884871892,0,0,43.6880093271536
12883,1,0,1,0,0.814117261308528,0.0728093277107871,0,0,32.6882207915788
12884,0,1,0,0,0.90830162554301,-0.458998249558351,0,0,28.7151150876449
12887,0,1,0,0,1.32772884345107,0.850494557766882,0,1,8.93969974395323
12892,1,0,1,0,2.21155331920747,0.973385742142189,1,1,71.054392452098
12902,1,0,0,0,1.28956340972123,0.39522725677263,0,1,NA
12911,1,0,1,0,1.09343058622936,1.76202063925717,1,0,54.356301776654
12925,1,0,0,0,-0.091847137644287,-2.13556061330226,1,0,46.8597392522086
12932,1,0,1,0,1.64676444768954,0.893666835918623,1,0,70.775136985342
12954,1,0,1,0,2.46765866108311,0.310125669372762,0,0,74.3623259742677
12962,1,0,1,0,-1.76812860031973,-2.00018913233472,1,0,36.4936878372907
12963,1,0,0,0,-0.448298805955432,1.47074449301707,0,0,NA
12967,0,1,1,0,0.443715334422528,2.37734764761244,0,0,44.6730822285683
12996,1,0,1,0,1.49422414483627,1.48028628592441,1,0,23.096205128713
13006,1,0,1,0,1.94796637321956,3.33283991802588,1,0,53.1423864330708
13014,1,0,0,0,0.752752503414226,0.167015181230907,1,0,22.7297823424315
13015,1,0,1,1,-0.0426776467034334,-1.68883328108291,1,1,19.1701890285514
13027,1,0,0,0,1.62591491992591,0.803480922628566,1,0,59.9140255376316
13031,0,1,0,0,-0.632522230417935,-0.497885445866718,1,1,NA
13036,0,1,1,0,1.0713181941097,1.00870874170499,1,0,77.8168727599185
13038,0,1,1,0,1.16329194688995,0.213577579419218,1,1,79.2539338417664
13043,0,1,0,0,-1.00906890063414,1.02928457420169,1,0,14.9483657499222
13052,1,0,0,0,1.49222046051698,2.13481493741078,0,1,21.0919296915173
13063,0,1,1,0,1.45554609494582,2.45519553076764,1,0,72.5691229308358
13065,1,0,1,0,1.2265333147414,0.461144143878867,1,0,51.6728709381509
13066,1,0,1,0,3.06890537824603,2.82163288915848,1,0,NA
13069,1,0,1,0,2.8407946473113,1.57580188540196,1,0,NA
13077,1,0,1,0,1.30881477405738,0.314125440744743,1,0,63.8838590529948
13082,1,0,0,1,0.723807695477811,2.31858224824853,1,0,51.5180184698121
13085,1,0,0,0,1.25232346386603,0.98005191609381,1,0,52.3753995079974
13107,1,0,0,0,-0.709211860907475,-2.17995774613492,1,1,50.703009997463
13114,1,0,0,1,-2.01384381475241,0.837133359719526,1,0,49.468822212328
13130,1,0,1,0,2.77476698022605,1.17006163053847,1,0,84.6346184584354
13132,1,0,1,0,0.511836525482775,-0.00942186547708929,1,0,59.913489523157
13135,1,0,1,1,-0.733892699134391,-1.36162951937305,0,1,NA
13136,1,0,1,0,1.76290165499192,1.37858449523319,1,1,53.9281026348222
13142,1,0,1,0,1.58740040705074,0.374597163212405,1,0,51.8263616999998
13147,1,0,1,0,1.12651172950786,-1.03448559423123,0,1,22.2280689828176
13149,1,0,0,0,0.698356363142565,1.24089803651942,1,0,50.8979447980708
13159,1,0,1,0,2.53403545809855,3.57006408564824,0,1,106.328715805262
13163,1,0,0,0,-0.110338677680985,-0.303097855401587,1,1,15.2469733105847
13164,1,0,0,0,1.52554976778212,0.698007424227726,1,0,43.6780345702096
13168,1,0,0,0,0.857945794473287,1.62578096229417,1,0,NA
13187,1,0,0,0,1.22350842178366,-0.6905320005708,1,0,13.8624352553982
13188,1,0,0,0,-2.57482350216183,1.11755445590895,1,0,53.2078810810398
13189,1,0,1,0,0.312730036627089,0.543043324518532,1,0,41.0633477606663
13201,1,0,1,0,0.775449240280521,1.16498700379289,1,0,78.2796984804884
13203,1,0,1,0,2.11037520087089,1.11310223479927,1,1,40.7754800186736
13209,1,0,1,0,0.367475020659571,1.08584352916855,1,0,64.2309382003306
13213,1,0,0,0,-0.0498933881028069,1.0099054817629,1,0,35.5295732421283
13214,1,0,1,0,1.14366775335354,0.00260367470201889,1,0,65.0502187173742
13226,1,0,1,0,2.02531656689638,-0.167692693500439,1,0,NA
13234,1,0,0,0,-1.58625312613048,0.289845571050804,1,0,21.1825484415713
13236,1,0,0,0,0.576225859872777,-0.439034666144384,1,0,NA
13244,1,0,0,0,-0.526450931198358,0.106259991677934,0,1,81.9448839608681
13251,0,1,0,0,1.17278420229963,1.55617786525975,1,0,48.9877212773785
13253,0,1,0,0,-0.239043568361237,0.918888075884002,0,0,38.5523006599592
13254,1,0,1,0,1.52793424801867,0.991475695999226,1,0,59.2021353195898
13258,1,0,1,0,-0.928143717596027,0.714657222552933,1,1,48.3648678688763
13276,1,0,1,0,1.59012010592258,0.450334079422267,1,0,68.9688637875562
13278,1,0,0,0,-0.021577123199044,-1.25353165981691,0,0,NA
13297,0,1,1,0,2.961046825374,2.50762384169512,1,0,51.7498216860412
13298,1,0,1,1,-0.753323386715046,0.111673570524422,1,0,31.8846292275964
13308,1,0,1,0,1.47511398937112,-0.9178763743164,1,1,NA
13318,1,0,1,0,0.40063811366966,-0.471759968762463,1,0,51.1323597020437
13319,1,0,1,0,1.39999393550081,1.50095431556682,1,1,NA
13328,1,0,1,0,1.26006419408307,-0.165102346275349,1,0,49.4506840176901
13330,0,1,1,0,0.640683713956867,-0.0884041116146189,0,0,68.8175103470248
13337,1,0,1,0,0.033063011870913,2.27744898559798,1,0,64.8579317206801
13348,1,0,0,0,1.45811683259454,1.70690328328618,0,1,92.2703795070973
13350,1,0,0,0,-0.408061153828839,0.842250680161677,1,1,47.7047567607172
13358,0,1,1,0,2.03723466772211,0.953189201637863,1,1,42.8644493305588
13359,1,0,1,1,0.821260331747065,1.12855832192703,1,1,NA
13364,0,1,1,0,0.788302089799684,2.96043375883624,1,0,50.1488415704883
13365,1,0,1,0,-0.492878332103057,-0.754847031982715,0,0,31.0308380345427
13366,0,1,1,0,0.342241896263947,0.767159375115175,1,1,NA
13385,1,0,1,0,0.0426995319224079,-1.40010717613043,0,0,38.5247059554979
13386,1,0,0,0,2.82937613702141,0.538801464373982,0,1,52.7520488453759
13396,1,0,1,0,0.290550515327364,0.373800782524356,1,0,40.0842067099403
13410,1,0,1,0,0.877864265047478,0.497465516083099,1,0,50.9907566353706
13411,1,0,1,0,0.507764063950121,0.444976643219412,1,1,60.8127988402802
13424,1,0,0,0,0.0786949984016081,0.392737188037417,1,0,NA
13454,1,0,0,0,-0.478705029505882,0.641219764284458,0,0,NA
13455,0,1,1,0,0.98133805265859,-0.689927694650613,1,0,64.6289576821946
13481,1,0,1,0,-0.700678824041943,-1.70262327652407,1,0,49.8859676836381
13497,1,0,1,0,0.466049524638089,-1.04987534786272,1,0,NA
13508,1,0,1,0,-1.27341024204256,-0.577070409917135,1,0,53.386701286207
13512,1,0,0,0,0.545296531583715,0.529587463417652,1,0,NA
13519,1,0,1,0,-0.0275945061671572,2.19043206080216,1,0,77.7042574675446
13523,1,0,0,0,0.287771614177396,-1.39987463028432,1,0,NA
13532,1,0,1,0,0.795615608916504,0.549326034822592,1,0,66.1854114581042
13533,0,1,1,0,0.829853788738536,-0.335986736965753,0,0,57.7538953152181
13541,1,0,1,0,0.739988952764935,-0.00275303119052439,1,0,43.2009702917889
13543,0,1,1,0,1.49639986383529,1.84101071921221,1,0,65.9743157176887
13545,1,0,1,0,1.21616517246247,1.31847350306613,0,1,76.008591641504
13547,1,0,1,0,2.00680803351772,-1.62707900515206,0,0,26.7122325015842
13549,0,1,1,0,1.2429937074097,1.62112788488368,1,0,82.4095242702618
13552,1,0,1,0,-0.672557128426873,0.84292586831252,1,0,63.6911432212517
13561,1,0,1,0,1.09877135900262,0.476024490697778,1,0,NA
13571,1,0,0,0,0.794970724486643,1.01249114816081,1,0,27.0856490685666
13576,1,0,0,0,0.484758237347744,-0.132620955273376,1,0,NA
13582,1,0,1,0,0.0765123006025344,0.161055461720988,1,0,53.2503585492236
13583,1,0,1,0,0.390443613266578,1.64088427413171,0,0,66.5673791765717
13601,1,0,1,0,1.59447069583065,2.16453506068264,0,0,NA
13604,1,0,0,0,0.942957166581764,-1.07165006662138,1,0,NA
13610,1,0,1,0,3.8530574164937,1.56619512819659,1,0,60.7838786790613
13630,1,0,1,0,0.49243868382547,2.23008183662693,1,0,37.9715667185978
13638,1,0,1,0,2.47931189780441,-0.737657074971255,0,1,58.3506766383994
13639,0,1,1,0,2.95119962933166,-0.0929446360988189,1,0,NA
13646,1,0,0,0,1.19558821904684,1.59042111781411,0,0,62.8430975584824
13670,1,0,1,0,0.117735526453749,-0.367845861247509,0,0,36.5301990266727
13689,1,0,0,0,-0.588404254272741,-0.819114619455194,1,1,NA
13693,1,0,0,1,0.12674328586146,0.0473329350346872,1,1,48.9668629730125
13696,1,0,1,0,1.5436126027165,1.91023068628069,1,0,78.3419993668332
13699,1,0,1,0,0.357759535967092,1.41284252293259,1,1,NA
13705,0,1,1,0,1.03203741476753,1.5059023778909,1,0,75.4264256316924
13706,0,1,1,0,0.488632042682463,2.01671522812457,1,0,39.5634466305227
13716,1,0,1,0,-1.16541829641021,0.680879858585973,1,0,50.1181150420343
13722,0,1,1,0,0.838353092334846,0.246339714228195,1,0,72.4097713680569
13725,1,0,0,0,-0.768902714228267,0.79923457164203,0,0,40.6330985791407
13726,1,0,1,0,-1.68411465805449,0.36519298717678,1,0,NA
13736,1,0,1,1,1.0819670880325,0.208377805794328,1,0,26.0225742572
13744,1,0,1,0,1.93801057859748,0.856987873348845,1,1,19.5468017209384
13748,1,0,0,0,0.568637519115237,-0.492179853565628,1,0,29.7917645205844
13756,1,0,1,0,2.58628094903504,0.882769959790312,1,0,44.9020875591698
13761,1,0,0,0,1.73414463021293,0.684489403991858,1,0,40.2950835585076
13768,1,0,1,0,0.0299306388946154,0.906346783180195,1,0,45.6299407524287
13773,1,0,1,0,0.359875067161895,1.07077973429211,0,0,20.1666916741953
13785,1,0,1,0,-1.69590826259756,-0.398615926339856,1,0,53.4610291396709
13789,1,0,0,0,-1.34611679709897,-0.513360212218772,1,0,34.2149787109389
13798,1,0,1,0,3.18971068938009,2.44964423301459,1,0,79.6313309881206
13800,1,0,0,0,-0.00662960347905872,1.39736872062353,1,0,NA
13808,1,0,1,0,0.807236921171458,2.9587643431314,1,0,48.3880631654834
13812,1,0,1,0,0.396107296760415,1.2940977140867,1,0,NA
13817,1,0,1,0,1.39967459671485,0.888004120285041,1,1,66.6230502366317
13822,1,0,1,0,2.4537979221076,2.61109866784067,0,0,85.0676476575666
13825,1,0,0,0,0.0529703661618502,0.769071856271452,0,1,31.6088800332891
13829,1,0,1,0,-0.465451451665047,1.13696087536782,1,0,52.7396785203521
13847,0,1,1,0,1.01932029302149,1.50665198470172,0,0,43.2558154141206
13863,1,0,0,0,0.274758063448796,-0.984025456845862,1,0,NA
13868,1,0,0,0,-0.152069553542325,-0.401013835066702,1,0,46.6539603090771
13871,1,0,1,0,0.917672569849919,-1.32552033841669,0,1,37.5659745666033
13876,1,0,1,0,1.0268992954832,2.12792814003655,1,0,37.0272901624261
13889,1,0,0,0,-1.61906107232947,-0.809832520602281,1,1,29.8276705641365
13899,1,0,1,1,-0.113478138249575,-1.32803123746388,1,0,40.4337340481597
13901,1,0,0,0,0.842482561398905,1.29079659934584,1,0,46.7480504412244
13913,1,0,0,0,1.13819347325838,0.136797603929329,0,0,8.84831910361346
13916,1,0,0,0,-0.393658473687693,0.804013672430062,1,0,NA
13928,1,0,1,1,-0.83288620329289,-0.189234873954499,1,0,47.5968135554409
13939,1,0,1,0,1.33154756832673,1.42143866083858,1,0,68.1238723195668
13942,1,0,1,0,0.731650424213227,2.61801658073563,0,0,75.7092763696979
13952,0,1,1,0,2.80185321680153,0.524675988716449,1,1,43.6315482465713
13963,1,0,1,0,2.36531605556787,1.16821797857549,0,1,58.0448593675147
13966,1,0,0,0,1.65859821059632,2.26050999634173,1,1,66.1723258917214
13978,1,0,1,0,1.34829695125508,-0.771186948575024,1,1,27.2686029183832
13987,1,0,1,0,0.427617074027146,-0.0950926391501555,1,1,54.3812421661845
13991,1,0,0,0,0.870128977423739,-0.292264413717475,1,0,19.2267258180461
14006,1,0,1,0,0.30159310553163,2.12111104073064,0,0,79.4112506335205
14009,1,0,1,0,0.0499171587236933,1.59095051658203,1,1,NA
14012,1,0,1,0,-1.22158279394978,0.0594093955304698,1,0,53.122136987016
14013,1,0,1,0,1.83032603478161,-0.157791794523992,1,1,13.3058286950697
14015,1,0,1,0,0.600084082842245,2.94596536939071,1,1,65.1926204856508
14016,0,1,0,0,0.864657214147397,0.0347737815474991,1,0,NA
14021,0,1,0,0,0.767199169152394,-0.371479302182038,1,0,NA
14027,1,0,0,0,-0.337349666889445,-0.995233471419415,1,1,44.5431556444527
14038,1,0,1,0,1.60340648867985,1.64492754499205,1,1,40.8270278602178
14040,1,0,1,0,0.859085071247524,-0.0598725472043167,0,0,28.9885196389904
14045,1,0,0,0,-0.238417163837127,-0.855452283107514,1,0,11.4492512630561
14051,1,0,1,0,0.215802903814504,-0.9284091738554,0,0,10.5768073916303
14053,1,0,1,0,0.550495734467219,0.580556588067948,1,0,72.1688864361076
14055,1,0,1,0,0.331062338302912,2.7071169383322,1,0,78.917856177058
14072,1,0,0,0,1.01433932697404,0.757315996771019,1,0,27.2295301472313
14074,1,0,1,0,0.569174915258163,-0.140421582398613,1,0,20.1995773851369
14077,1,0,1,0,2.40713484576914,2.60105202337197,1,1,55.4867271592002
14079,1,0,1,0,2.23317871563442,-0.00800518562267372,0,0,53.1560296106474
14081,1,0,1,0,-0.229754153363368,0.99026402937478,0,0,53.9272978663962
14093,1,0,0,0,1.04342766353989,-0.1119524869132,1,0,NA
14101,1,0,1,0,1.36128597441825,0.977120916429351,1,0,96.095379648792
14104,1,0,1,0,-0.233545566906818,-0.877882951567592,1,0,16.1568382269224
14109,1,0,1,0,2.20562713257629,1.81503800357274,1,0,47.2999860280744
14126,0,1,1,0,1.38177790306251,-0.312509051521544,1,0,43.0419699016002
14127,1,0,1,1,0.713795132416664,0.883149060489608,0,0,NA
14136,1,0,0,1,1.24757827213109,0.15514321672626,1,0,62.1384705494112
14138,1,0,0,0,0.70824346661928,-1.39059962311974,1,0,20.5433116986236
14142,1,0,1,0,0.667882136658793,-0.359132881890804,1,0,15.3540828261306
14144,0,1,1,1,-0.0296286304394768,1.34743894961643,0,0,33.2289123750055
14146,1,0,1,0,1.14777226066865,-0.423133131325101,0,1,NA
14169,1,0,1,0,-1.40847540065589,-0.576089406668788,1,0,NA
14202,1,0,1,0,2.07347939957934,0.0596252910420162,1,0,48.4582035336811
14204,1,0,0,0,0.811989268124106,2.40412176164368,0,0,47.8509610484009
14212,0,1,0,0,1.13980446603714,-0.0321756257949343,1,1,16.2150087356652
14221,1,0,1,0,1.44591885555468,0.932246869300536,1,1,52.4600999472872
14222,1,0,1,0,2.71604372352012,0.0534905221906044,1,0,63.3200511099981
14231,1,0,1,1,-0.862110089699788,2.42941055714908,1,0,NA
14246,1,0,1,0,1.50844884529966,1.70361727035693,1,1,NA
14261,1,0,0,0,-0.00146916012283915,1.16480554588633,1,1,NA
14265,1,0,1,0,1.88178798005855,1.19997006600014,1,0,64.7020390413634
14275,1,0,0,0,0.121596907106475,-1.61131928919529,1,0,NA
14280,0,1,1,0,0.398888407071474,0.823197282374243,1,0,61.4330791354785
14285,1,0,0,0,-0.536072805323093,2.22052862682791,1,0,59.9763093949501
14300,0,1,1,0,0.912533294268389,0.303123451313695,1,0,52.119132358216
14302,1,0,1,0,3.40617485127409,1.71548106046784,0,0,NA
14322,1,0,1,0,1.81557948507188,0.597260091216652,1,0,64.771344168164
14330,0,1,1,0,1.16949269679452,0.382902110042611,1,0,77.4624470752017
14334,1,0,1,1,-0.0152518602705847,1.96116370179884,0,1,67.8579251119866
14342,0,1,1,0,0.905737509074901,-0.459818530466382,1,0,63.5266878436735
14344,0,1,0,0,1.77602350706991,0.495669692421673,0,1,32.296147531761
14347,1,0,0,0,-0.808985113985325,-0.066567962273516,1,0,31.7188000965317
14352,1,0,0,1,0.491093143700366,0.120312650644892,1,1,9.01688719550156
14357,1,0,1,0,0.363993352888971,1.4459565589052,0,0,51.8426994133951
14360,1,0,0,0,-1.22309364031957,-0.363113222384845,0,1,NA
14363,1,0,1,0,0.894903272534602,-0.16883321710866,1,0,48.220657658803
14375,1,0,0,0,0.67413726783872,-1.95002761808024,1,0,29.282108794
14395,1,0,1,1,0.0130582546130049,0.748753745947419,1,1,77.2278448138889
14400,1,0,0,0,1.41748240655597,0.869714694403422,1,1,51.4793489635858
14405,1,0,1,0,0.527249163150531,0.846774694464586,1,1,52.0089808495736
14416,1,0,1,0,-0.326288027926607,0.893644140020271,1,0,NA
14421,1,0,0,0,0.390645894599644,0.562354105416475,0,0,47.5710360742629
14432,1,0,0,0,0.972335736609954,-1.03097378115342,1,0,35.2004663278654
14433,0,1,0,0,0.356606864768372,0.0606374010792515,1,0,40.494923177916
14435,1,0,0,0,-0.636580839238371,-1.20962467985325,0,0,61.4044605840219
14436,0,1,1,0,-0.776370500304207,1.89131912183386,1,1,NA
14444,1,0,1,1,-0.0714074276374098,0.964141022426958,1,1,63.1325829627734
14450,1,0,1,1,1.52886993051627,-0.852554715175725,1,1,49.2261392247204
14455,1,0,1,0,1.98901690721708,-0.150647749319663,1,0,59.6199532351698
14467,1,0,1,0,0.300872947918573,0.110577676636351,1,0,36.7693511686735
14477,1,0,1,0,-0.136700340332125,1.42259017021187,1,0,78.1448764202294
14495,0,1,1,0,0.937973800742717,2.00663884317956,1,0,38.2721766318745
14499,0,1,1,0,2.34099316748933,1.8460936034787,1,1,76.8503800545586
14503,1,0,0,0,1.38645841527079,-0.198531475560987,1,0,62.7258061448527
14506,1,0,0,0,1.09438050871758,0.355573471303164,1,0,42.3748492883707
14514,0,1,1,0,1.51618745402249,0.151530988166605,1,0,69.1265640718572
14523,1,0,0,0,0.668588506553828,0.658854255497855,1,0,27.261938522434
14525,1,0,1,0,0.191440002666224,0.715985504014915,1,1,57.4331441833338
14528,0,1,0,0,-1.39073490043376,-0.242021190603114,1,0,42.4841720993819
14558,1,0,1,0,0.774831712552469,0.240198777100869,1,0,85.5801188346971
14568,1,0,1,0,0.177526427920654,1.31895150975483,1,0,70.6926604022766
14575,1,0,1,0,-1.0286744642688,0.501811118406284,1,0,NA
14578,1,0,0,0,-0.104470517678171,0.268490761551661,1,0,27.7138885432243
14584,1,0,1,0,-0.942395556179602,-0.924800500319764,0,0,31.056575923011
14585,1,0,0,0,1.10641773909584,-0.955509266317659,0,0,5.08151231575214
14588,1,0,0,0,0.651697269166838,0.0399287645285707,1,0,NA
14593,1,0,0,0,0.401094764985701,0.699447137714573,1,0,59.1007149868483
14594,1,0,1,0,0.190436702998379,-0.344557442629593,1,0,57.9025111706538
14599,1,0,1,1,-0.139099884257204,-1.13129324134776,1,0,NA
14605,1,0,1,0,0.502379833005034,1.17891035366677,1,0,61.7325682572165
14610,1,0,0,0,1.93108384277914,2.33533877495024,1,0,46.5941382997163
14619,1,0,0,0,0.615353627048411,-1.16692947695818,0,1,38.5278752555836
14667,1,0,1,0,1.18542967349281,1.379086339689,1,1,84.240675508583
14671,0,1,1,1,0.673395028985273,0.713185241058403,1,0,67.6046435333194
14673,0,1,1,0,1.17929495834846,1.56401025243493,1,0,NA
14675,0,1,0,0,0.458621171577839,-0.349305182779123,0,0,49.1929378867814
14683,1,0,1,0,0.368848382076275,1.18950595790177,1,0,51.7380437986517
14684,1,0,0,0,1.79977669759191,-0.889354470841368,1,0,NA
14688,0,1,1,0,1.81850842568653,3.05349374827088,1,1,83.9924684375945
14692,1,0,1,0,3.03581883859528,1.04912498323259,1,0,NA
14695,1,0,1,0,-0.0340937405495522,0.941492149773968,1,0,34.5956951343639
14698,1,0,1,0,0.172899558073906,0.0831821433552774,1,0,33.3037050352289
14706,1,0,1,0,0.39086190778079,0.461602879331095,1,0,23.7740797873633
14722,1,0,1,0,0.99154882629942,2.39471921467146,1,0,80.9765307305521
14728,1,0,1,0,-0.381952085759192,-0.0949500197819599,1,1,68.850521624917
14755,1,0,1,0,1.48932111962055,0.063422311847321,1,1,NA
14775,1,0,1,0,0.167188630583572,0.684799444836046,0,0,58.6442741140409
14776,1,0,1,0,2.46819398997417,-0.317513768952933,1,0,55.613686607975
14799,0,1,1,0,1.46667373854509,1.91773175799558,1,0,84.5898414001197
14810,1,0,1,0,3.51355483961065,2.19739102269235,1,0,32.8449857467809
14813,1,0,0,0,0.396998683281037,2.77186508521315,1,0,30.7909225651411
14817,1,0,1,0,-0.170184457201484,1.63242854208787,1,0,51.2436259642185
14818,1,0,1,1,0.270667443666751,-0.19016752329554,1,0,66.9313867379441
14844,0,1,1,0,1.39120877767884,-0.482498731219189,1,0,56.5476573072706
14866,0,1,1,0,1.16168218403056,2.34445099067338,1,0,NA
14880,0,1,1,0,-0.302828767194987,0.138965167962728,1,0,52.2069961854417
14881,1,0,1,0,0.847252960208812,1.13588048897448,1,1,41.0411839322428
14887,1,0,1,0,2.33218385709567,1.47906717249969,0,1,23.5630123971068
14893,1,0,0,0,0.0110123492971578,0.380930713852972,1,0,40.3576585904034
14896,1,0,1,0,0.274549492234054,2.875492862947,1,0,37.3752889270949
14897,0,1,1,0,-0.561187169565257,1.24151587156819,1,0,52.0732885515644
14914,1,0,1,0,2.95779238214624,1.20274335355708,1,0,65.6743044166834
14925,1,0,0,0,-0.927748203883143,-0.293516418485096,0,0,NA
14928,0,1,1,0,-0.428877704700761,0.237920085058744,0,0,62.9579096483654
14931,1,0,0,0,2.10238746835184,2.95138414420868,1,1,62.8098353755611
14943,1,0,1,0,-1.30084560594863,0.4995095814887,1,0,26.8771108468592
14948,1,0,0,1,1.34494465294617,0.0901573286265503,1,0,45.187666139268
14958,0,1,1,0,0.125190446885102,1.84745940171498,1,0,66.2678870267569
14975,1,0,1,0,1.77388785547189,0.294552610821059,1,0,30.5905982079449
14979,0,1,1,0,2.31543693590077,1.47327226463462,1,0,74.5135668019795
15001,1,0,1,0,0.78660363246237,2.51264504049459,1,1,NA
15016,0,1,1,0,0.426467068286061,0.707168581317537,1,0,62.3864188079094
15018,0,1,0,0,3.16383400930163,1.57341202466214,1,0,62.7814343505964
15019,1,0,0,0,2.40275226489921,0.279074731805058,0,0,45.2384841816183
15022,1,0,1,0,0.0692188615369825,1.82486791616039,1,0,92.404248136599
15024,0,1,1,0,-0.411590922442302,-0.73419637522048,0,0,40.2060795664235
15040,1,0,0,1,-0.75830129458449,-0.508242236661964,0,0,42.0170940452593
15048,1,0,1,0,1.55649855751075,0.0569564840923082,1,0,75.3771420374881
15050,1,0,1,0,1.11355968927886,0.786409979956047,1,0,NA
15058,1,0,1,0,-1.58440357492104,-0.261819664355369,1,0,26.8169792586358
15060,1,0,1,0,1.39809676978731,-0.548698634152569,1,1,35.6717484243768
15070,1,0,0,0,-0.575581946702798,1.76025616123568,1,1,39.8057217326367
15073,1,0,1,0,0.510384444364552,1.23916207480322,1,0,59.4848472803791
15074,1,0,1,1,1.73783432096192,1.26290987278271,0,1,NA
15087,1,0,1,0,1.5197750839678,3.2380010842186,1,0,56.9072624589095
15095,1,0,1,0,0.39819325973755,0.188571771890238,1,0,66.004604125373
15099,1,0,1,0,1.0750777840949,1.50173876658323,1,0,83.8515526302462
15108,1,0,0,0,0.476897661462477,-0.83220150706393,0,0,21.2718265437273
15112,0,1,1,0,-0.699194690763931,1.27736249297079,1,1,67.6399854355368
15153,0,1,1,0,-0.471402318524776,0.961100126482475,0,0,46.3072608882837
15169,0,1,1,1,1.48632595304462,-1.49412659022643,1,1,43.9355518151772
15177,1,0,1,0,1.20714245789552,-0.792271355492646,1,0,35.2671690417657
15187,1,0,1,0,-1.04986373436473,0.161805088337425,1,1,NA
15191,1,0,0,0,2.54943501626198,-0.114017716002263,1,1,37.2116540453766
15194,1,0,0,0,1.35373810878269,2.67032010773418,0,0,25.4463055344024
15197,0,1,1,0,2.51001928108251,-0.350226573639207,1,0,58.117325465608
15209,1,0,1,0,0.88213074247717,0.253639347739102,1,1,31.5284541735227
15215,1,0,1,0,0.842296513321878,1.5196702280823,1,0,30.7013116176678
15226,0,1,0,0,-0.872442839761843,0.462821807614469,0,0,54.6370352295308
15227,1,0,1,0,1.27162082302534,1.13019880009671,1,1,68.660733413514
15239,1,0,1,0,-0.0171130875647548,0.0264225802087202,1,0,NA
15242,1,0,0,0,2.01519163197768,-0.7729841164145,1,1,54.2147819592103
15245,1,0,1,0,-2.53767195127096,-0.698865522725746,1,0,26.1027808062035
15268,1,0,1,0,-0.73516517797199,-0.684013376793739,1,0,NA
15272,1,0,1,0,0.0554301785371008,2.33551472074834,1,1,39.9681211983297
15280,1,0,1,0,2.08828061753427,0.768257905964722,1,0,81.5666609039806
15289,0,1,1,0,1.97856239760187,3.35302367094138,1,0,81.1919064410042
15303,1,0,0,0,-0.446521490869266,-0.232017940566677,1,0,30.6975928949594
15307,0,1,1,0,0.315903263112115,1.35576385358197,1,0,NA
15308,1,0,1,0,0.7281636803748,1.29111581514993,1,0,56.942116337363
15319,1,0,1,0,1.56857498432448,-0.418612653135009,0,0,55.8837496434832
15320,1,0,1,0,-0.267550044760193,-0.0477218378432712,1,0,67.281746113434
15322,1,0,1,0,1.20523696704695,0.471492719222898,1,0,39.2561028111566
15325,0,1,1,0,1.10878831547593,0.184253683009937,1,0,60.8108399105361
15333,1,0,1,0,0.78511364056327,1.29642450537803,1,0,NA
15335,1,0,1,0,1.83728712774128,2.21850597485059,1,1,77.2405011943094
15347,1,0,1,0,0.81638980705872,1.03366013238464,1,0,71.7829638002587
15384,1,0,1,1,-0.0882313238151451,-0.326158864973436,1,0,25.832850366118
15385,1,0,1,0,0.82403693364454,0.0535726099165836,0,0,47.7039051715994
15389,1,0,1,0,1.44356732478686,0.886048039538683,1,0,64.6786160017702
15395,0,1,1,0,1.55831966099374,0.888501498466025,1,0,55.0494947522169
15400,1,0,1,1,1.95454743425357,1.89865532788674,1,0,32.8651205311176
15406,1,0,0,0,-0.00409206049342675,0.495265348973315,1,0,NA
15411,1,0,1,0,0.268035770612562,1.04365850103312,1,0,24.2459646453232
15414,0,1,0,0,1.11188386090611,0.221927073341892,1,0,NA
15418,1,0,1,0,-0.176088285593972,1.3139874263293,1,0,NA
15421,1,0,1,1,-0.329677776849802,-0.169416016400709,1,0,19.1396102205435
15425,1,0,1,0,1.69256906138552,2.15915351867349,1,1,24.377172840098
15431,1,0,1,0,0.215516754384363,-0.039070415534122,1,0,51.7259521479681
15435,1,0,0,0,1.92414418822227,0.721146995394669,0,0,79.3383546289608
15446,1,0,1,0,0.903025626581214,-1.10450759606062,1,1,39.6552466923288
15448,0,1,1,0,0.754753202895297,0.95501295750271,0,1,62.5917700611719
15449,1,0,1,0,-0.130765357761742,1.14437140076444,1,0,46.1810434120756
15456,1,0,0,0,-0.164369992144409,-0.270417398714284,1,0,30.8192792097313
15457,0,1,1,0,0.804728755908991,2.27811021065584,1,0,73.615680808982
15464,1,0,1,0,-0.149388517297214,-0.505230829129971,1,0,32.721715748423
15470,1,0,1,0,1.54117253839751,0.208829609166169,1,1,68.7213441298651
15472,1,0,0,0,0.694124282481993,0.602149028199951,1,0,27.9976630576031
15481,1,0,1,0,0.99836450730865,0.942481848909567,0,0,36.0590908624616
15493,1,0,0,1,0.874774493793148,-1.60598423230689,1,0,58.0566984175528
15499,0,1,1,0,2.82703374434109,0.425382849483896,1,1,54.228921135948
15512,0,1,1,0,2.0404556366455,3.22212956253174,1,1,NA
15518,1,0,1,0,1.66268464361298,1.45568779468365,1,0,NA
15535,1,0,1,0,-0.350089701915578,0.830751237418301,1,1,64.2321598701154
15541,1,0,1,0,1.1899128719673,-1.09780252090787,0,1,50.7097524086555
15545,1,0,1,0,0.700892091567105,-0.869223046220995,0,0,67.1594891675076
15548,0,1,1,0,1.66505473708442,2.86651352987593,0,0,78.2928673255713
15549,0,1,1,0,0.87328268045977,2.10500358495007,1,0,NA
15556,0,1,0,1,1.82692848486634,0.544261979561351,0,1,NA
15559,0,1,1,0,1.92584432196524,0.251930018524953,1,0,40.3696322005631
15570,1,0,0,0,0.862380469408607,0.239322838566422,1,0,NA
15571,1,0,1,0,0.12315327453256,1.02276514670966,1,1,20.9045374429182
15574,1,0,0,0,0.291656333708682,-0.454659339158256,1,0,NA
15575,1,0,1,0,0.793119652863379,0.393085857663652,0,0,58.251101202686
15576,1,0,1,0,3.32015421504142,0.249762515905362,1,0,22.9679162858464
15579,1,0,1,0,1.1712900848229,1.52662106795805,0,0,72.9635865966986
15583,1,0,1,0,1.36875362336339,2.55199479317311,1,1,78.0715722289122
15607,0,1,1,0,1.17819449158859,2.58572488402399,1,0,57.9964670285735
15617,1,0,0,0,2.20115945549502,-0.100679716185266,1,0,36.6637120695337
15648,1,0,1,0,1.14696863129265,2.24387736485854,1,0,108.744584909121
15658,0,1,1,0,1.90655155602694,-0.618435961627466,1,0,47.9658569079236
15662,1,0,1,0,1.11501478452694,2.69651725698833,1,0,41.7666247782658
15669,1,0,0,0,0.490897736469821,0.0973004750226263,0,1,82.5607580992668
15678,1,0,0,0,0.220219076508988,-0.406482476385531,0,0,8.83877286017766
15682,0,1,1,0,0.476657583076239,1.32704321640167,1,1,54.640837443111
15683,1,0,0,0,0.307989950870897,-0.0877840817527315,1,0,35.2355602533203
15685,1,0,0,1,-0.33284106968472,1.27815918041329,1,0,NA
15699,1,0,0,0,1.78554828156122,1.60719727361235,1,0,42.2712245660975
15703,0,1,1,0,1.35917634790141,0.217080289396827,0,0,29.2123707170261
15709,1,0,1,0,1.09826619127127,-0.982316853390693,1,1,38.1251587018651
15715,1,0,1,0,-0.133584726228828,1.49224853936934,1,0,31.8325693737638
15718,1,0,1,0,-0.115915448823908,1.32983874284937,1,0,48.9167021852557
15726,1,0,1,0,1.07615033580287,-0.14288255712206,1,0,21.9277039936336
15735,1,0,1,0,-0.504733017005184,-0.94594500594019,0,0,61.1377525803767
15738,1,0,0,0,-1.05367948343501,-0.113961804898895,1,0,76.1079225952739
15740,1,0,0,0,0.224375526756189,-1.04831781402183,1,0,77.4327683925864
15750,1,0,1,0,0.777668891950747,-0.0229863339824002,0,1,30.2508790562811
15761,1,0,1,0,0.551543730822945,1.94681712065305,1,0,NA
15779,1,0,1,0,2.12914219118634,0.185424331942811,1,0,46.8668439343109
15789,0,1,1,0,-0.0837601857055229,-0.104140187441092,1,0,106.155771436864
15791,1,0,1,0,0.567696490476491,1.23918229585397,1,0,32.1894554958539
15798,1,0,1,0,0.708218064424694,0.61018695136477,1,0,NA
15815,1,0,1,0,1.5995090087121,0.958751839098796,1,0,76.0107455085644
15819,1,0,1,1,2.10471292013537,-0.0711471772843812,1,0,NA
15821,0,1,0,0,0.727344866535235,1.16284585755366,1,1,43.7433346164591
15829,1,0,1,0,0.446757467077169,2.83798388531204,1,0,22.1128124953472
15832,1,0,1,0,2.04815431605749,1.22907362657426,1,0,58.7060207165166
15843,1,0,1,0,0.118305424036386,-0.247836399058764,0,0,36.6943955168231
15846,0,1,1,0,-0.38273707905283,1.18911286435318,1,0,45.0625569698329
15881,0,1,0,0,1.68174776245832,1.54924726634813,1,0,41.6955469739818
15889,1,0,1,0,-1.6992488340038,-1.18879465756144,1,1,57.3951652564628
15907,1,0,1,0,0.742393572513905,3.08680119200275,1,0,31.8302256665448
15921,1,0,0,0,0.787626664148962,0.175867207827748,0,0,46.8047127614235
15923,0,1,1,0,0.45543226976135,-1.04892254273935,1,1,NA
15924,1,0,1,0,-0.753886895214609,0.956023079428065,1,0,73.2084035798316
15925,1,0,0,1,0.39219531645177,-0.265049329662937,1,0,NA
15937,1,0,1,0,1.50801847496492,0.426547385682307,1,1,83.7407929931167
15957,1,0,1,0,0.937837331215309,-0.394347659611095,1,0,30.4239226412336
15961,1,0,1,0,-1.25151961535594,-0.159253962933763,1,0,NA
15974,1,0,0,0,1.42234756225941,-0.242930432879526,1,1,47.0350583270131
15995,1,0,1,0,1.31683383980785,0.822498770368006,1,0,48.2182121189248
15998,0,1,1,1,1.78578168149143,-0.160780986602625,1,0,84.4493983371284
16007,0,1,0,0,0.25951265631231,-0.293109043793575,0,0,7.14138568782599
16023,1,0,0,0,-0.37581795015425,1.04735772774927,1,0,47.8571113038116
16024,1,0,1,1,-1.0290896559238,-1.44492619735209,1,0,NA
16026,1,0,1,0,0.742678795934863,-1.47534897141919,0,0,39.7247073692806
16027,1,0,1,0,-0.219912999072901,0.682933899673425,0,0,41.0151063357068
16029,0,1,0,0,1.95578122043484,-0.00448733421975112,1,1,8.67244151134503
16035,1,0,0,0,-0.508299626084321,0.649343166941941,0,1,NA
16046,0,1,1,0,0.726824090766311,1.33950478964824,1,1,49.6208880830357
16051,1,0,0,0,0.299957115172745,-0.200600004254962,1,0,64.1428386737627
16053,1,0,1,0,-0.440275308360553,-0.0548962086944527,1,1,NA
16057,0,1,1,0,1.13225407206012,2.1341793327108,1,0,41.9759989595416
16058,1,0,1,0,0.392522296299744,0.223510542874703,1,1,46.1407980654726
16060,0,1,1,0,1.73055650584887,1.15805430068885,1,0,57.2812827649848
16061,1,0,1,1,0.56263638603358,0.578532116942825,1,0,NA
16062,0,1,1,0,1.78374572914411,0.100854174183904,1,0,42.0772734257991
16069,0,1,1,0,1.82013986539071,2.96721218307904,1,0,89.7615981407142
16074,1,0,1,1,-0.616631006689977,0.99476692356183,1,0,NA
16078,1,0,1,0,-0.539734453060864,-0.351766861362397,0,0,NA
16086,1,0,1,0,1.54596850416598,2.18985742126438,1,0,NA
16091,1,0,1,0,0.333712334127012,0.370461398351779,1,0,52.740501402112
16093,0,1,0,1,1.73664951799446,0.427753004458617,0,0,37.7533808570181
16094,1,0,1,0,0.401731126738984,0.536183748647663,0,0,29.6015573374362
16097,1,0,1,0,1.1386613478842,1.36671122837285,0,0,NA
16098,1,0,0,0,1.9211494214775,-0.205954004443408,1,0,47.382201966028
16100,1,0,0,0,1.16757163648073,-0.448083751486992,1,0,63.0425797540836
16103,0,1,1,0,0.577202462676323,1.01770284967744,1,0,54.6547573399595
16108,1,0,1,0,2.75179390668833,1.00113667946754,0,1,73.9544833162298
16147,1,0,1,0,2.22291047496325,1.36156396937026,1,0,48.1127626891554
16154,1,0,1,0,0.719200621511743,1.53409021817792,1,1,NA
16163,1,0,0,0,2.3637087415599,-0.0606336197817348,1,0,29.8319494884371
16169,0,1,1,0,1.97450578890773,2.50750425684432,0,0,42.5473293302415
16171,0,1,1,0,1.04883271093725,0.764743763716724,1,1,77.7982965886379
16177,0,1,1,0,0.898386277446098,2.08430679882647,0,0,59.5820418600138
16186,1,0,1,0,1.208086847134,-0.36282462955038,1,0,NA
16194,0,1,0,0,-0.552806263542727,-1.11345393148381,1,0,NA
16201,1,0,1,0,0.338462594585543,-0.720599354321505,1,1,34.6204895643098
16202,1,0,0,0,0.862725669394803,-0.312395101729242,1,0,14.2705355607753
16206,0,1,1,0,0.225568198759075,0.865801736556903,1,0,64.5415114180882
16207,1,0,1,0,-1.16213878393657,-0.241290847537139,0,0,54.5293793911647
16208,1,0,1,0,1.86340984571403,0.915567375408072,0,0,70.5876804677006
16213,1,0,1,0,2.86072646644623,2.65903217634968,1,0,NA
16216,1,0,0,0,-1.85238028454283,0.627942691229387,1,1,57.1398973012667
16237,1,0,1,0,0.376503719413054,0.10149696858549,1,0,64.4706819869035
16248,0,1,0,0,0.546419302526522,0.745792932290653,1,0,14.9769825841246
16260,1,0,1,1,0.91555817083741,0.211255047671648,0,0,NA
16265,1,0,0,0,0.203987280131591,1.38494435193376,0,0,64.9534009668414
16284,1,0,0,0,0.451779975996382,0.692588718957877,1,1,NA
16301,0,1,1,0,0.513872589441588,1.74266424189281,1,0,69.320262246352
16320,1,0,1,0,0.00602256361556197,0.36087634411899,1,0,65.7636929624211
16329,1,0,1,0,0.817903533907646,2.14214482514344,1,0,44.0903653791227
16335,0,1,1,0,1.46625725464316,0.214368771221491,1,0,38.873457530064
16340,1,0,0,0,0.0856254688705871,0.100147155803105,1,0,32.6266355074246
16366,1,0,1,0,2.90097780981733,1.05485900405706,1,0,56.3566910004808
16368,1,0,1,0,1.22357995964651,2.33371297305633,0,0,58.9113666630592
16373,1,0,0,0,-1.2363976826404,-0.328736664627582,1,0,NA
16384,1,0,1,0,1.81506142091004,1.02790315765701,1,1,46.9631507078936
16388,1,0,1,0,1.41377378344247,1.40717343195198,1,0,27.2783871289406
16394,1,0,1,0,0.910873637491663,1.97906777727298,1,0,62.881892827941
16395,1,0,1,0,-0.807683343414363,1.36927915445438,1,0,42.7230553822596
16401,0,1,1,0,1.62638644725755,2.2154727549625,1,0,70.4099626540634
16402,1,0,1,0,1.21401213115397,0.0280493171629667,1,0,43.3286598282001
16410,1,0,1,0,1.07913158336301,0.303153049587091,1,1,70.0659552036147
16417,1,0,0,0,-0.749739158034035,-1.65784649920586,1,0,49.324214622464
16426,0,1,1,1,-0.38062773772363,3.11557729927973,1,1,69.7631377069542
16428,1,0,0,0,-1.26038935292753,0.908735083873096,0,1,18.1514413701883
16435,1,0,1,0,1.06604446863665,0.00742258676066387,1,1,31.1157096743595
16450,1,0,1,0,0.615440929630125,0.840897079629762,1,0,73.5432753348458
16457,1,0,1,0,-0.867819137067957,0.85265356750648,1,0,NA
16473,1,0,1,0,2.037981551568,0.447179977167364,0,0,28.6733254532678
16481,1,0,0,0,0.332526788685361,-0.677504096781534,1,0,NA
16499,0,1,1,0,1.58122082835094,2.02600902656825,1,0,NA
16501,1,0,1,0,1.18407725157589,1.05431687142592,1,0,51.9432001850534
16503,0,1,1,0,1.69970944164708,0.821848795672866,1,0,NA
16518,1,0,1,0,-0.650793134472259,-0.234537763658179,1,0,40.2513000784098
16526,1,0,1,0,1.54420735136933,1.38314763691216,1,1,76.2615300397704
16530,0,1,1,0,1.53218404726857,0.918069023623145,1,0,49.5626253675977
16537,1,0,1,0,1.45083344999028,-0.286030675180942,0,0,10.1823108225589
16544,0,1,0,0,0.197913625186064,1.35897673901264,1,0,NA
16552,1,0,0,0,0.473264630520616,0.7416515770143,1,1,71.0072031269036
16553,0,1,1,0,-0.57053390510547,0.359732532355097,1,1,51.8950807126925
16555,1,0,0,0,0.84091471612078,-0.221451087998089,1,0,NA
16575,1,0,1,0,0.926818927148385,1.57292894201153,1,0,63.0050584592344
16576,1,0,1,0,2.57299192369156,0.952754144905088,1,0,NA
16580,1,0,1,0,2.40044173678749,-0.0468542556516638,0,1,58.0783897649784
16582,0,1,1,0,1.65998636303138,0.615682612795574,1,0,64.0333918361154
16592,1,0,0,0,-0.296989791078424,-0.981573711076181,1,0,43.9803407504725
16595,1,0,1,0,-1.67147286788711,1.10391367570137,1,0,66.224203448219
16596,1,0,1,0,0.594100703021059,1.00402225925819,1,0,58.3738009306996
16605,1,0,0,0,-0.0864344775217639,1.53902561978931,0,0,NA
16609,1,0,1,0,0.475149638116294,-0.282415262221971,1,1,NA
16614,1,0,0,0,1.29544864603546,0.275654758601034,0,0,15.7997859466141
16623,0,1,1,0,1.21069955195102,3.32723140753522,1,1,97.7850155458352
16635,0,1,0,0,1.55498092057571,2.13727569268178,1,0,60.2218088029518
16646,1,0,1,0,1.25476404747322,0.156257988426638,0,0,49.5650357094659
16653,1,0,1,0,0.2261748280907,1.99946891730115,1,0,NA
16659,1,0,1,0,1.29581062040747,0.693317206856495,1,0,56.6799001785269
16663,1,0,1,0,0.6978878290799,-1.22168569343247,1,0,60.4919829606389
16672,1,0,1,0,1.05895397371136,2.76493386631007,1,0,56.6176676566442
16705,1,0,1,0,-0.190346999776456,-0.915722463899634,1,1,55.0566420064045
16726,0,1,0,0,0.0393902747134212,0.636770717344061,1,0,NA
16753,1,0,0,0,-1.93493957042751,-0.239534666127909,1,0,43.7422739565726
16758,1,0,0,0,-0.538325474491875,-0.401239444183971,1,0,53.3960888744035
16759,1,0,1,0,0.664431933480461,0.773239969501421,1,0,NA
16764,0,1,1,0,1.5886944226122,0.45313981206419,1,0,52.0432056058787
16774,1,0,0,0,0.686165199769637,1.44244939954953,0,0,10.3568321909282
16777,1,0,1,0,0.695396073653044,-0.109270641366216,1,1,NA
16778,1,0,1,0,0.339900632851212,1.80258439701019,1,1,54.9729678546433
16781,1,0,0,0,-1.23847139932856,-0.194616951835379,1,0,NA
16788,1,0,0,0,-2.22063920786617,0.325735926493798,0,0,NA
16802,1,0,0,0,0.313652276632324,-0.120021687904737,1,0,NA
16809,0,1,1,0,1.71639146587634,3.45632520214491,1,1,86.482507844407
16817,1,0,1,0,2.5761069241617,0.679905550676764,1,0,74.9159551848785
16818,1,0,1,0,-0.632676055235283,1.50727528921517,1,0,NA
16820,0,1,0,0,0.989172539001398,0.77332548848638,1,0,NA
16824,1,0,1,0,1.52850778253995,1.2510230315541,0,0,14.5871488607867
16825,1,0,1,0,0.987971512496975,0.142993820671555,0,0,NA
16828,1,0,1,1,-0.173647163245824,1.27658645262322,1,0,48.4944928138361
16841,0,1,1,0,0.709550924289815,0.86831085498354,0,1,NA
16843,1,0,0,0,-0.553399681895708,0.725580986871646,1,0,30.4090154200481
16860,1,0,0,0,0.983639724347866,0.56026417130072,0,0,70.0173867609172
16863,1,0,1,0,-0.808949536754107,0.639639736344467,1,1,NA
16867,1,0,1,0,1.37851836747262,0.947619360561199,0,0,38.2761949091556
16872,1,0,0,0,1.18599120148418,1.5154076865547,0,0,94.5259574591308
16876,1,0,0,0,0.26231984513169,-0.609286680405486,1,0,NA
16895,1,0,1,0,1.92482867036443,0.877933269295795,1,1,45.5381389038869
16896,1,0,0,0,0.158045694365591,0.914138577121391,1,0,NA
16899,1,0,1,0,2.0951869778247,2.24611883994675,1,0,74.1657735854214
16917,1,0,1,0,-0.346790195196827,2.60998375098498,1,1,33.5159285118209
16926,1,0,1,1,0.930773816373361,0.940083150808158,1,0,58.7628173337905
16934,1,0,1,0,1.53094466762045,0.332595575521552,1,0,69.2962994687016
16937,1,0,1,0,0.526242027270956,1.11778246835366,1,0,52.847608390867
16947,0,1,1,0,1.80272101510112,2.84741414488531,1,0,66.8989190709
16950,1,0,1,0,1.05120002248514,-2.37331181137136,1,0,27.8362650674278
16955,1,0,0,0,0.0762920884828195,0.424848959956357,0,0,NA
16971,1,0,0,1,1.4458078257619,1.02110527203862,1,0,NA
16987,1,0,1,1,0.346011612491924,-0.77453419054585,1,1,22.2357199398331
16988,1,0,0,0,-0.249000460635456,0.553713914342501,1,0,12.4599245443622
16989,0,1,1,0,1.30460689131471,1.46717931685267,1,0,43.2049124325499
17000,1,0,0,0,0.159655254334152,0.368634662213013,1,0,2.5244777013315
17003,1,0,1,0,2.02101545024448,1.84799977373049,1,0,63.1587499573713
17007,0,1,0,0,3.13620728367763,0.345059272273808,1,1,46.0635895221577
17013,1,0,1,0,0.537171067992997,1.51016653481312,0,1,50.3470355783738
17020,1,0,1,0,1.8244084010171,1.9054509227066,1,0,43.917817174104
17024,1,0,0,1,0.223756523862611,0.313340790586207,1,0,48.3736979757179
17048,0,1,0,0,0.580416004760487,1.89966843959994,0,0,60.9731581290483
17058,0,1,0,0,-0.604041035837009,0.838302768582663,1,0,44.4173979572318
17067,1,0,1,0,1.13093678898911,-0.00349313644151894,1,0,54.5438469272653
17068,1,0,1,0,2.0618399177231,1.40097619874966,1,0,79.1747439876637
17069,1,0,1,0,1.9409922631449,3.06236796060979,1,1,NA
17074,0,1,1,0,0.913151382512079,-0.0987323986015982,1,1,51.8686445937572
17089,0,1,1,0,0.57109938578719,0.0711143002402798,0,1,34.0313322981702
17096,1,0,1,0,1.06393032168397,1.02302959148899,0,1,71.3360823860014
17100,0,1,1,0,1.81558759030125,2.0796195138974,1,0,52.7990766878652
17101,1,0,1,0,-0.463769510539577,1.56118306834822,1,0,37.4320670166921
17114,1,0,0,0,1.26318394122957,0.236673788921185,1,0,62.1171765226813
17118,1,0,1,1,-0.445884891569273,1.9227139403019,1,1,NA
17150,0,1,0,1,1.4135595216577,2.22617451810141,0,0,54.8781773780608
17152,1,0,1,0,-0.0828077354026975,0.478518820497345,1,0,66.0061681898417
17155,1,0,0,0,-0.00692328106700879,1.33046752698227,1,0,31.6814175826769
17157,1,0,1,0,0.113612345140197,0.137831283054053,1,0,NA
17159,1,0,0,0,-0.2121701972668,0.370114411474687,0,0,30.4462683445472
17163,1,0,1,0,0.885457644572808,1.75811440177652,0,0,NA
17169,1,0,0,0,0.887137464499863,1.74690443181362,1,0,NA
17170,1,0,0,0,-0.562887543457691,-0.234679736585696,1,1,NA
17174,0,1,1,0,0.423213330741806,2.70011348843327,1,0,67.2916682651065
17181,1,0,1,0,-0.460274166402863,0.296896467830043,0,1,45.4593811558074
17190,1,0,1,0,0.352384725882471,0.813590842034977,1,0,69.218781552596
17192,1,0,0,0,-0.34119877369061,0.010563195867177,1,0,NA
17208,1,0,1,0,0.650096102178116,-0.95551600765506,1,0,NA
17221,1,0,0,0,1.56351228217628,1.27741836321606,1,1,NA
17225,1,0,1,0,0.0359072228033375,1.7635073374079,1,0,46.6066769681215
17228,1,0,1,0,-0.274150782269245,0.232943029337829,0,0,49.8977759932353
17231,1,0,1,0,1.54365916431409,1.10352300834049,1,0,51.5363809049726
17238,1,0,1,0,1.33404721086875,-0.989862147606066,1,0,6.48048953056847
17255,1,0,1,0,1.24397990095507,1.71448848792661,1,0,78.092362623583
17272,1,0,1,1,-0.0181046752546687,1.08905119696044,1,1,66.7592744187063
17278,1,0,1,0,0.02495671509474,-0.779411524417979,1,0,38.1532411766233
17280,1,0,1,0,-1.11936618634047,1.91836839071814,1,0,54.9846386349593
17283,0,1,1,0,-0.322274208344158,0.389476151364321,1,0,54.8687736435272
17284,1,0,0,0,0.863413227154558,2.20844486424358,1,0,46.061582273017
17285,0,1,1,0,0.12856097223411,-0.733615167120223,0,1,58.8889786343945
17294,0,1,1,0,-0.000654256603233483,0.243383048126052,1,1,73.2444211917421
17295,1,0,0,0,-0.0333549216337947,-1.1786347323293,0,0,NA
17305,1,0,1,1,-0.382844455555484,-0.783664990397157,1,0,55.3733071472421
17306,1,0,0,1,-0.86548298284871,-1.37933625136104,1,0,NA
17311,1,0,1,1,-0.364404398661178,-0.774558905846014,1,0,38.2600011926149
17319,1,0,0,0,1.72632287694817,1.52881446575815,1,1,-3.30790450519065
17326,1,0,1,0,-0.0917190540536363,-0.042626272292278,1,0,47.4073925235325
17336,1,0,0,0,-1.37975171288393,-0.985950709095964,1,0,22.5561786688162
17346,1,0,0,1,0.327274615131844,1.48888429447104,1,1,NA
17353,1,0,1,1,2.89075924807763,0.352677479003104,1,0,41.7052024585615
17354,1,0,1,1,0.337966216656364,0.685492935093714,1,0,38.9788483032806
17372,1,0,0,0,-0.522204405901447,-0.945104575642818,0,0,31.801629651945
17374,1,0,0,0,0.269797082205494,0.224984712151915,1,0,NA
17387,1,0,0,1,1.30503187767764,0.390214992326292,0,0,52.5003145853166
17399,0,1,1,1,0.0863084370571902,-0.300068278907076,1,0,NA
17404,1,0,0,0,-0.533149673117154,1.74468878763411,1,0,37.1085171419026
17405,1,0,0,0,1.57775319929776,1.21583657108912,1,0,51.3522338500113
17406,1,0,0,0,0.0629421562425573,0.408140382524867,1,0,NA
17408,1,0,1,1,0.255387899351849,0.213334369436409,1,0,57.9692410809793
17411,1,0,1,0,1.66594027921174,0.311713593044496,1,0,52.6390101523188
17426,0,1,0,0,2.30580245581202,3.05681017234498,1,0,73.7609256668677
17428,1,0,1,0,-1.30431468411548,0.610284455534803,0,0,64.5267854335947
17430,1,0,1,0,1.29975354849332,2.47459473714584,0,0,36.3131760529531
17445,1,0,0,1,0.0273354456381419,0.682311739973295,1,0,NA
17454,1,0,1,0,0.46315610444219,-0.254647786799004,1,0,NA
17456,0,1,1,1,1.78864223005626,1.93007603943279,1,1,21.054191935612
17463,1,0,0,0,-1.48894508221708,0.882017792223429,1,1,29.0012040935767
17487,1,0,1,0,0.905764224102409,1.63934463370843,0,1,21.9039767512263
17489,1,0,1,0,0.843764225710764,0.892840379251957,1,0,47.2104109192651
17498,1,0,1,0,1.53889480164266,1.03757980915399,1,0,88.7710076879525
17499,1,0,0,0,1.99238525774336,-1.19149872525457,1,0,56.473934052202
17500,1,0,1,0,1.41949488674738,-0.129414723792968,0,0,75.1737437528185
17508,1,0,1,0,-0.389897140083517,1.22239358979907,1,0,58.2839457658173
17515,1,0,0,1,0.638478103201904,1.06828146469782,1,0,63.2889397420417
17536,1,0,1,1,-0.387209720061497,-0.306109560075719,1,0,NA
17545,1,0,1,0,0.90595988671951,1.02597791339208,1,0,57.4505875258568
17549,1,0,1,0,-0.388358579956917,1.63934331636207,1,0,NA
17558,1,0,1,0,0.000993683763395259,0.784207396580974,1,0,41.6214201475104
17559,1,0,1,0,0.0102524350020465,1.61287971775531,1,0,59.7775023939483
17563,1,0,0,0,0.105974600123117,-0.88529751678131,1,0,42.4020803637772
17596,1,0,0,0,0.530922850477074,2.22701712952505,0,0,30.3340455172144
17598,0,1,1,0,0.709527693779483,-0.557998734483438,0,0,16.9064695184808
17608,1,0,0,0,1.21900385852471,-1.19018044513347,1,1,69.7807995747417
17612,1,0,1,0,3.15139372603395,1.85190912688577,1,0,113.653874490833
17613,1,0,0,1,2.24623994567334,1.12957920841907,1,0,NA
17637,1,0,1,1,2.30172899382826,-0.529090571086575,1,0,NA
17639,1,0,1,0,2.30251080647935,-0.570131978552078,1,0,22.0923185421432
17641,1,0,0,0,-0.346820077905968,-0.361952388050105,1,0,30.5042748327799
17642,1,0,1,0,-0.954707799403102,-0.638785279956887,1,0,NA
17645,1,0,0,0,0.891931026395323,-0.916378816658477,1,0,19.6324108125541
17647,1,0,1,0,0.908870089836667,1.44759420926423,1,0,25.9354522458908
17648,1,0,1,0,1.09881608730911,1.9579029155949,1,1,74.1353051217413
17675,1,0,1,0,-0.244513508193184,1.0333934867029,1,0,64.5485587508262
17678,0,1,0,0,-0.907751481647062,0.0117944046059449,1,0,43.0469848807738
17691,1,0,1,0,1.43659188617839,0.530343541664242,1,0,63.3962317030919
17717,1,0,1,0,-0.118345415639947,1.05588123640322,1,0,56.2903864483866
17722,1,0,1,1,-0.104664735073299,1.58798101410542,1,0,62.9948354231613
17725,1,0,0,1,0.76441159870346,0.935875696808537,1,1,20.0439344103529
17727,0,1,1,0,0.543142306237925,0.845034365802079,1,0,33.7416954855822
17732,0,1,1,0,0.237095982103076,0.381673874814014,1,0,43.4731289803408
17736,0,1,1,0,1.41608473498594,0.997888977254281,1,0,60.4760114919268
17739,1,0,1,1,-0.609989193405036,-1.23378785415431,1,0,45.6765067558882
17740,1,0,1,0,0.221367765868418,0.246481400700575,1,0,NA
17763,1,0,1,0,-0.715840330672757,-1.45130974487724,1,1,38.1679384621523
17767,1,0,1,0,0.98368472018523,-0.14629909237736,1,0,NA
17777,1,0,1,0,-0.434913778852514,-0.414455912815428,1,0,42.8888917979799
17791,0,1,1,0,0.726431501775931,1.40196255458329,1,0,45.3827863983234
17792,0,1,1,0,0.299661414222869,0.560409800176368,1,0,68.5637331296644
17812,1,0,0,0,1.043021231827,-0.0931885234657787,0,0,32.8336232166514
17814,1,0,1,0,-0.391277962214134,-0.356242352395664,1,0,NA
17838,0,1,1,0,1.51073114913513,1.95782472193592,1,0,60.5653085938945
17841,1,0,1,0,0.74508045852566,1.36549459896645,1,0,58.6522388442843
17851,1,0,1,0,1.05554151412492,1.06747861612367,0,0,NA
17852,0,1,1,0,2.59409838218561,1.11243991558606,1,0,45.4789325933835
17854,1,0,0,0,-0.418006591472667,1.42318444413704,0,0,18.427688137186
17861,1,0,1,0,0.526320724658377,-0.707789269560817,1,0,57.6734777816134
17862,0,1,1,0,0.831652600731543,1.36796117589022,1,0,NA
17865,1,0,1,0,0.729922087840191,0.103704268678432,0,0,77.0061162730721
17879,0,1,1,0,3.09745539291214,1.38317239741916,1,0,54.7113859246573
17889,1,0,1,1,-1.00456416176664,-0.597116608001796,1,0,60.1250879637067
17901,1,0,1,0,-0.458346837012022,2.24548246154005,0,0,73.6560102322625
17907,1,0,0,0,-0.128242672619465,0.890705471288865,0,0,NA
17921,1,0,1,0,-0.586714098310833,1.11499968931339,1,0,63.8512303207421
17933,1,0,1,0,0.322405595459998,-0.489594632058751,1,0,20.1822175396548
17939,1,0,0,0,-0.62693742793708,0.340556368901645,1,0,NA
17940,1,0,0,0,3.10965844200923,0.246515986800609,1,0,NA
17942,0,1,0,0,0.703935627143171,0.974673005773183,1,0,40.89269997786
17943,1,0,1,0,-0.232711914920905,1.63866109407747,1,1,41.9147873285987
17948,0,1,1,0,0.406995710017742,0.222776859082348,0,1,50.9680197586234
17955,1,0,1,1,1.39956293032654,0.831380256180697,1,0,NA
17956,0,1,0,1,1.04023933191324,0.756514579954518,0,1,33.1583779604841
17973,1,0,1,0,-1.12199959300242,0.12139855794365,1,0,29.4655459156936
17978,1,0,1,0,-0.259608849915952,1.14951227000935,0,0,38.3585380867257
17981,1,0,1,0,0.650274002832213,0.712173061680133,1,0,55.8431650977455
17986,1,0,0,1,1.71196678817816,-1.55069606060927,1,0,55.1033666354799
17988,0,1,1,0,-0.487263302176269,-1.79959345768905,1,0,59.448678827367
17990,1,0,1,0,0.980869398861971,1.79901305951796,0,0,63.0735609027905
18007,1,0,0,1,0.108301085723987,0.128804971623244,0,0,51.311274715357
18014,1,0,1,0,-0.207751472099086,-0.636238400390243,1,0,61.5446025563661
18018,1,0,1,0,1.85014614603692,0.777589412842387,1,1,78.4252709103784
18030,1,0,1,0,0.592988617021268,0.652203373075161,1,0,89.7692440382697
18032,1,0,1,0,3.22765958627454,1.39376573108035,1,0,47.0132343077377
18038,0,1,1,0,0.728827935543812,1.76768817812727,1,0,NA
18040,1,0,0,1,-1.26319129288664,0.883012790895021,1,0,45.8877671716212
18058,1,0,1,1,-0.114363600956877,2.07735421586432,0,0,34.1859194125601
18062,1,0,1,1,1.41695287943925,1.07357581625645,1,0,NA
18064,1,0,1,1,0.411130857513868,-1.4562185359764,1,0,33.5629437222396
18068,1,0,0,0,1.57348492198473,0.364550103663291,1,1,38.7724193499696
18074,1,0,1,0,-0.520676071353514,-1.54619507548605,1,0,57.6057312951365
18077,1,0,1,0,1.44452357624726,0.540755071362128,1,0,63.3497193821289
18078,1,0,0,0,0.228861044776093,-0.873203986304735,1,1,NA
18086,1,0,1,0,-0.672417436727669,0.446389072570853,1,1,50.1696616187265
18096,1,0,1,0,0.349513506487289,-0.921799493573599,1,0,NA
18102,1,0,0,0,1.7471192688431,1.52549175831257,1,0,51.2491379165883
18137,1,0,1,0,0.244872312834589,0.351978743769752,0,0,NA
18171,1,0,1,0,1.60784789431184,0.26014039634503,1,1,47.9904735263163
18174,1,0,0,0,-0.257861239980581,0.227641378708087,1,0,48.288809865859
18179,1,0,0,0,1.04599422775669,0.373701929324642,1,0,29.6651500667603
18184,1,0,0,1,-1.38625445549961,-0.503343976297081,1,0,NA
18187,1,0,1,0,-0.163131902862092,0.623267637504529,1,0,50.1454197193475
18189,0,1,1,0,0.618337662793737,-0.513979136375849,1,1,36.4973255610158
18191,0,1,1,0,2.38795845730123,2.36912103241533,1,0,75.3627108144369
18197,1,0,1,1,3.62126659001858,1.08998770597041,1,0,41.074811157399
18225,1,0,1,1,2.38557770427357,-0.0679903381099454,1,1,90.8316474429592
18235,1,0,1,0,-0.0945646794977887,-0.886847915200992,1,0,47.369904738249
18256,1,0,1,0,-0.716933271322724,-1.46469109766811,1,0,NA
18264,0,1,1,0,-0.442403210172927,0.239486416755872,1,0,NA
18266,1,0,0,0,-1.20436872933873,-1.64915525954403,1,1,NA
18267,1,0,1,0,1.93867276512004,1.35758579334325,1,0,37.9528558974379
18294,1,0,1,0,2.78147058059769,0.379571830439229,1,0,71.2722206093873
18297,1,0,0,0,2.95958901313585,-0.382414811328695,1,0,NA
18301,1,0,1,1,1.37741436930069,-0.250242544053342,0,0,NA
18302,1,0,1,0,1.34261355231346,-0.177211639564839,0,0,31.2852825197472
18305,1,0,1,0,1.67445009655775,1.84867175755593,0,1,47.2419658138685
18311,1,0,0,0,0.528912664905082,-0.234964676958112,1,0,NA
18316,1,0,1,0,0.921021608724757,1.08208231778086,1,0,33.78049906153
18336,1,0,1,0,1.60603189339559,1.50577926020595,1,0,85.6288715751382
18344,1,0,1,0,1.05129495701981,0.107399692369582,0,0,27.0916358440692
18347,1,0,0,0,0.345407884325411,0.939720704623293,1,0,49.1021905578673
18355,1,0,1,0,-1.89420063052572,0.966759435163881,0,0,NA
18371,0,1,1,0,-0.0816583634020917,0.358416326901228,1,0,NA
18375,0,1,0,0,1.53769938929421,-1.2470008340512,0,0,72.2177372901444
18384,0,1,0,0,0.709092189019187,1.53754592007919,1,0,72.4026700587968
18400,1,0,0,0,1.54312027664229,0.126119536103183,1,0,44.2831822697399
18410,0,1,1,1,1.36431679406512,0.616096076354437,0,1,62.7989166222508
18416,0,1,1,0,-0.361372530342302,2.83180647046088,1,0,33.6312874470099
18433,0,1,1,0,1.18289645608364,1.04613875395541,1,0,66.4837819945817
18445,1,0,0,0,2.06627334141964,2.94486993409589,1,0,32.9054275112733
18452,0,1,0,0,-0.405541379714026,0.417105566545027,0,0,NA
18470,1,0,1,0,1.2679043615664,1.39689090981236,1,0,65.3368894372566
18474,1,0,0,0,-0.16712256989914,1.03678815890179,1,0,1.37002526093645
18475,0,1,1,1,-0.0890216672922124,1.41715021729297,1,0,NA
18480,0,1,0,0,0.49997331329166,0.512316987654838,1,0,NA
18484,1,0,1,0,-0.77813281967139,0.270800331967545,1,1,72.515579815359
18488,1,0,1,0,0.289639169335638,1.51961993452799,1,0,34.7557807430168
18505,1,0,1,1,0.477115670783344,0.495634038668955,1,0,NA
18516,1,0,1,1,2.3824459747902,-0.400452186357817,1,0,69.9037958385344
18520,1,0,1,0,-0.184622126663241,-0.45546885153056,1,1,45.2204535068753
18524,1,0,1,0,0.200858084875534,-0.654658786643363,1,0,51.3779312789318
18533,1,0,0,0,0.262079411949826,0.329547732139305,1,1,NA
18551,1,0,1,0,2.06496224149601,0.663682118735027,1,0,NA
18554,1,0,1,0,-1.34531050846003,0.789002767935151,0,0,43.6568385964654
18580,0,1,1,0,1.07155200071135,0.166268252312815,1,1,42.0504442794142
18583,1,0,1,0,-0.393945994125208,0.317673161467837,1,1,80.8545500800799
18586,1,0,1,0,1.49260174806513,-0.0412625106412745,1,0,78.2855574129903
18607,1,0,0,0,1.12207734698709,1.51104474585643,1,0,35.4796820576353
18611,0,1,0,0,1.24138419345121,1.62020836692184,1,0,81.6870070334339
18615,0,1,1,0,0.681545201538934,0.272928240048115,1,1,68.9597678975568
18617,1,0,1,0,-1.14665976550385,1.76818529104772,0,0,NA
18618,1,0,1,0,2.19544627892666,3.08853415140755,1,0,50.7457885635389
18642,1,0,1,0,-1.23054382714243,-0.126494670108095,1,0,NA
18661,1,0,1,1,1.48495701618054,0.590868951782822,0,0,49.8072282546656
18668,0,1,0,0,2.81278501330395,1.24668453357817,1,0,43.070508952335
18673,1,0,1,1,0.110693787068384,1.42231252818986,0,0,27.9166086202613
18676,1,0,0,0,0.68220313234266,0.741452522386898,1,0,NA
18686,1,0,0,0,0.870262071692615,2.39081303472396,1,0,54.0167234665551
18690,1,0,1,0,-1.01144058383269,-1.04088500370291,1,0,NA
18695,0,1,1,0,1.75495081332442,0.655499953603131,1,0,NA
18702,0,1,1,0,0.314765094670787,0.46915015765147,1,0,58.2760078526484
18715,1,0,1,0,1.55926093118523,1.39906688582027,0,0,96.0041211341526
18728,0,1,1,0,2.72132444321969,0.470378266962985,1,0,37.4550907415686
18736,1,0,1,0,0.674921548999178,1.21051510713503,1,0,55.219690665784
18739,1,0,1,0,0.473515863924238,1.18512215856274,1,0,74.6188689146256
18754,0,1,1,0,0.273957439122979,1.32837234705557,1,0,15.662672439517
18755,1,0,1,0,-0.457768561559785,-1.17538962576428,1,1,NA
18757,1,0,1,0,3.29483478790648,1.52893751014512,1,1,27.0552295293703
18759,1,0,0,0,0.882341059790407,0.287039652267837,1,0,37.0440595902632
18761,0,1,1,0,1.77895452267153,2.17723267959939,1,0,NA
18765,1,0,1,0,0.756151378318328,-0.874528091569352,0,1,70.871297653187
18779,1,0,0,0,2.44140183269142,1.9731920988847,1,1,39.722420134679
18784,0,1,1,0,0.972838679778573,1.85565465559859,1,0,40.7579463340758
18799,0,1,0,0,0.4180730314333,-0.84175736328367,1,1,NA
18800,1,0,1,0,0.337869812701816,0.970246306871134,1,0,50.2361528016669
18813,1,0,1,0,1.49316551364766,2.41314584758895,0,0,93.8274515629789
18835,0,1,1,0,1.24918274221024,-1.01828303361818,1,0,NA
18840,0,1,1,0,0.352515735263485,0.689535414983739,1,0,36.0107456841853
18856,1,0,1,0,0.650053624651521,0.864800797577275,0,0,34.3787036702882
18860,1,0,1,1,-0.973311136313328,-1.30748117475263,0,0,63.0294624380694
18863,1,0,0,0,2.2422121835495,1.85934778148349,1,1,NA
18872,1,0,1,0,2.75851943165388,2.19597509067071,1,0,74.4761892115487
18881,1,0,0,0,1.09908851518429,0.0823114243993588,1,0,54.7535187766601
18882,1,0,1,0,1.63660021853333,1.45827966910511,1,0,63.6401295113447
18895,1,0,0,0,0.614192856025987,0.906361426615159,1,0,NA
18900,1,0,1,0,0.40470922936223,-1.24255036421751,1,1,44.0374857372737
18906,0,1,1,0,1.54025972623094,0.868966290369692,1,0,88.7911748986043
18907,0,1,1,0,0.399386563274527,-0.874026464806133,1,0,44.8098800140378
18913,1,0,0,0,0.153336726471007,0.404376677315459,1,0,8.10683480277362
18926,1,0,1,0,0.767393776157067,-0.202834340451296,1,0,49.2305043031151
18937,0,1,1,0,1.20888048194267,1.87321849426523,1,0,82.741151602652
18944,1,0,1,0,1.24430601048559,1.31735421126695,1,0,80.1460028968231
18962,1,0,1,0,0.983118073779461,-0.169503729290937,1,1,55.9138318167818
18964,1,0,1,0,1.31089406390746,0.901008221445924,1,0,47.7341666469431
18968,1,0,1,0,1.30847955199487,0.197961644267543,1,0,50.777506774752
18969,1,0,1,0,-0.989837138733288,-0.126775738056826,0,0,61.9786134613363
18975,1,0,1,0,0.518657504302294,-0.321456432406177,0,1,21.4691333401691
18989,1,0,1,0,1.7268988479412,1.92728146350411,1,0,73.5544723128098
18997,1,0,1,0,0.337690007660647,2.61240062807751,0,0,54.531053415881
19029,1,0,1,0,0.577299441675736,1.05536494178259,1,0,76.413299436874
19039,0,1,1,0,1.66484853348118,1.06518093491703,1,0,59.5328784864473
19047,1,0,1,0,0.901615171204556,0.725817780264281,1,0,50.3640657920636
19050,0,1,1,0,-0.70786858529024,-1.14782321689125,1,0,45.4468922035879
19060,1,0,1,0,-2.85024019335031,0.083077473418324,1,0,43.5566583617079
19063,0,1,1,0,1.48571243782134,0.806158189464588,0,1,17.3923721495347
19067,1,0,0,0,1.31782136903102,0.405258487803134,1,0,NA
19093,1,0,0,0,0.848542698904592,1.88504385690458,0,0,55.9940424258322
19098,0,1,1,0,0.770894267396328,2.81992739362891,1,0,43.7864776301679
19105,1,0,1,0,1.76897913038556,-0.288969488361342,1,0,59.3796653406639
19119,1,0,0,0,0.507074735915973,-0.230501201081686,1,0,NA
19142,0,1,1,0,1.74186212231746,-0.257200320963861,1,0,53.88974781935
19149,0,1,1,0,0.177519926591891,0.058425313704482,1,0,NA
19153,0,1,1,0,3.25651974843304,0.991501088778547,1,0,73.7837445513467
19161,0,1,0,0,-0.734566254080116,1.21553492246742,1,0,NA
19171,0,1,1,0,0.0888573608092171,2.01825364413256,0,0,NA
19174,1,0,0,0,0.287348730082118,0.641379441802256,1,0,NA
19182,1,0,1,0,2.56684149701816,0.104784787161375,1,0,86.2899744507735
19187,1,0,1,1,1.08997868461192,-1.40168568998445,1,0,29.5230612818542
19194,1,0,1,0,0.10447091480371,1.3674876614057,1,0,36.772004634009
19201,1,0,1,0,0.184751363885735,0.589587040423163,0,0,53.4154167594911
19255,1,0,1,0,-2.55794162342795,0.933045644645061,1,0,14.9772215560045
19261,1,0,1,1,1.08286398475498,1.09990881550074,1,0,51.5119168803452
19280,1,0,1,0,0.783182191271556,0.39766654821932,1,0,78.548254186156
19296,0,1,1,0,2.12401499851767,1.05731722206211,0,1,20.6122190159984
19300,1,0,0,0,-0.820761854173885,-0.357361942612564,0,0,NA
19304,1,0,0,0,-1.57818984594738,-0.423229649495438,1,0,49.5123625271512
19310,1,0,1,1,1.45081585234613,0.576179316738995,1,0,34.2448288769214
19315,1,0,0,0,0.362020428290055,-0.942538113261779,1,0,49.0226641997735
19316,1,0,0,0,0.472951415636615,0.493725809371536,1,0,43.4609131170314
19322,1,0,0,0,-0.106131415201195,0.659491806196504,0,0,68.2174674030478
19324,1,0,1,1,-0.038736417383478,0.564172684621387,1,0,NA
19327,1,0,0,0,-0.358296733953389,-1.87181808224514,1,0,NA
19328,0,1,1,0,0.436238087426262,1.65145083045541,0,0,NA
19330,1,0,0,1,0.489216847703814,0.690910742174251,0,0,28.6748907995646
19346,1,0,1,0,1.80193286914884,0.710548858375374,1,1,32.7843002756541
19351,0,1,0,0,-0.492453495271073,-0.62187507347947,0,0,56.4342263543831
19355,1,0,1,0,1.0445428991979,0.59477671600762,0,0,44.6086577146177
19368,1,0,1,0,-0.0406130227915769,1.17985697139159,0,0,NA
19379,0,1,1,0,-0.69406529579259,2.07595124094687,1,0,61.4519264311456
19401,1,0,0,0,0.90063677343779,-0.182851394986986,1,1,39.118349608894
19422,1,0,1,0,2.73664276340215,1.06282480153324,1,1,82.8181755523554
19423,0,1,0,0,1.85153616751689,0.0512282823084964,1,0,76.3134393777816
19440,1,0,1,0,2.18899219171306,2.14470498409653,0,0,84.4040386723883
19449,1,0,1,0,2.45656818490575,-0.0797929194756367,1,0,NA
19468,1,0,1,0,0.723744845054388,0.691507685306956,1,1,36.7879739583042
19472,0,1,1,0,-0.549408240455464,0.131320698599629,1,1,32.2589277134278
19474,1,0,0,0,-0.419036890517426,-0.823424424258058,1,1,41.8677443342278
19500,1,0,1,0,1.10715045218126,-0.561885512434942,0,0,79.0560514218565
19508,1,0,1,0,-0.0939371707187276,0.0473623308643585,1,0,39.1023177174283
19525,1,0,0,0,0.407241902145774,0.857687594615268,1,0,NA
19530,1,0,1,0,1.31188496531927,2.34980276697291,0,0,NA
19541,1,0,1,0,-1.01142326569652,-0.115967154548694,1,0,26.3458774554806
19544,1,0,0,0,1.41173075749388,0.921671855299703,1,0,NA
19549,1,0,0,0,0.44915209712383,-1.24090748975483,1,1,NA
19556,0,1,1,0,1.20906121006145,2.01364787902559,1,0,80.5919652829662
19571,1,0,1,0,1.37436428890295,1.355902786644,1,0,NA
19578,0,1,1,0,1.11560663032757,0.906610517211186,1,0,20.5629010919403
19591,0,1,1,0,0.647241134243544,-0.78938534731932,1,0,36.3767639532104
19602,0,1,1,0,-0.688448214764274,-0.530448749909949,0,0,38.2040071979824
19632,1,0,1,0,0.407672776804912,2.05445038982335,1,1,37.208701994615
19634,1,0,0,0,-0.356090538496892,-0.9702568940055,1,1,NA
19641,0,1,1,0,1.63073030086733,0.625738271090048,0,0,69.732604751042
19648,1,0,1,0,1.14943308087613,1.93505376136711,1,0,17.305787618638
19658,1,0,0,0,-0.36407897075086,-0.470550348593883,1,0,95.470170001094
19659,1,0,1,0,3.61459600597268,1.7877478050285,1,0,102.101967252185
19663,0,1,1,0,-0.0742413594859801,0.17404567294806,0,0,53.4497910983967
19665,1,0,0,0,2.06165006536368,-0.536618728049191,1,0,36.3794481991323
19670,1,0,1,0,-0.020534546648487,1.64917087889309,1,0,12.2449606262129
19671,1,0,1,0,-0.188374285173949,0.248015529158711,1,0,31.5523154054754
19672,1,0,1,1,0.475998741165331,-1.13301335678248,1,0,NA
19682,1,0,1,0,0.0610107961245202,0.0073253028529367,1,0,20.851116432437
19691,0,1,0,0,0.722469251800428,0.118074018648489,1,0,60.8535575693344
19694,1,0,1,0,3.25225077081836,0.953673976498826,1,0,68.7310376533812
19695,1,0,1,0,0.71982707476311,2.57824382998797,1,0,67.6301884836905
19696,1,0,1,0,-0.46655607591871,0.466965365950867,1,0,31.4620478903078
19699,0,1,1,0,2.78284558866662,1.57967575253453,1,0,62.8949415679647
19700,1,0,1,0,0.369932080589562,1.29663077523872,1,0,51.9455948521437
19707,0,1,1,0,0.742365943049068,0.726596757775073,1,0,61.9679203036763
19712,1,0,0,0,0.912933070333953,-0.530395578480321,1,0,33.9489282913625
19713,0,1,1,0,0.442585650580984,1.7517788334631,1,1,58.6769906653573
19714,1,0,1,1,0.175290234456275,0.680233119494289,1,0,50.2700285617386
19717,1,0,1,0,0.127796116064173,0.830353576076375,1,0,NA
19723,1,0,1,0,-0.13205931904988,1.93303307234563,1,0,38.8055125906453
19741,1,0,0,0,-0.0267181088803974,1.02294991935134,1,0,45.0498431884457
19764,1,0,0,0,-0.00544826986232561,-0.393510800425978,1,1,17.6153463316267
19766,1,0,1,1,-0.386906296512432,1.21118950913951,0,0,30.0477949469328
19774,1,0,1,0,1.35422168659569,-0.561761889258678,1,0,50.4693735085757
19777,1,0,0,0,1.10472739726168,0.0641328813495107,0,1,33.5981960797043
19785,0,1,1,0,-0.747752592472843,1.59266602221063,1,0,53.8533074305315
19786,1,0,0,0,0.367969141379589,0.473139283292371,1,0,31.5464974589742
19787,0,1,0,0,-0.0337429582292378,-0.507577933812663,1,0,39.6903868113015
19788,1,0,0,0,1.63732053981031,1.44953297387535,1,0,NA
19810,1,0,1,0,2.20266124528203,1.12375991864945,1,0,NA
19812,1,0,1,1,0.736178137082536,0.486223621740582,1,0,26.6619307592948
19827,1,0,0,0,-0.504104101875527,0.0471752151755732,1,1,36.7338293650413
19830,1,0,1,0,1.35702146943267,0.786383483074979,1,1,11.2462374015674
19834,1,0,1,0,0.722579009363899,-0.365436052350042,0,0,52.7646462139862
19835,1,0,1,0,1.04520942910189,0.948790548728263,1,1,37.1736134768089
19836,1,0,0,0,0.855000760291716,-1.3576577199616,1,0,NA
19840,1,0,1,0,1.35777580514326,1.44554907038088,0,0,58.3292003101937
19847,0,1,1,0,0.49458322182857,3.40739059138783,0,0,46.9641102044229
19848,1,0,0,0,1.03635252295951,0.394014596084472,1,0,54.6613404878974
19852,0,1,0,0,0.878076226893464,-1.97754825193279,1,1,42.1252980299283
19857,1,0,1,0,-0.860487717583568,1.87368426821261,1,1,32.3699438051265
19864,0,1,1,0,1.38066790428101,2.63771030307586,1,0,43.7521048036368
19865,1,0,0,0,-0.537943087727964,0.66389052801831,0,0,51.2842987997561
19896,0,1,1,0,-0.464890480962551,0.777787471926789,1,0,49.2707513333093
19903,1,0,0,0,-1.27343602671908,-1.00511243297313,1,0,10.6131866504546
19908,1,0,1,1,-0.542586048386496,0.921363981506107,1,0,20.878872286216
19911,0,1,0,0,1.03680634856561,0.342768946297294,1,0,45.1829921811985
19915,1,0,1,0,0.212691210682656,1.25887240327581,1,0,NA
19916,0,1,0,0,0.747512509747589,1.33846097545023,1,0,NA
19930,0,1,1,0,1.87659939079098,1.17304509419326,1,0,74.4119270568681
19952,0,1,0,0,0.677983066241689,0.60292365610642,0,0,36.1367669087284
19956,1,0,1,0,1.95116460886421,-0.10365223811962,0,0,38.1276580185872
19958,0,1,1,0,0.391045263099569,0.540179672922701,1,1,50.4781942336834
19967,1,0,0,0,1.39645617709942,1.52916585865524,1,0,19.962337785982
19974,1,0,0,1,-1.85635009662846,0.150192643675397,1,0,79.061630976125
19977,1,0,1,0,0.837429808053639,0.118140262999514,1,0,20.6434982801562
19993,1,0,0,0,0.212217684206962,0.824090749669439,1,1,23.6713525626145
19996,1,0,0,0,0.385471246368252,0.471335809330884,1,0,NA
19999,0,1,1,0,0.182613501698641,1.3356715395087,0,0,42.0306522068964
20019,1,0,0,0,-0.426930762741111,-0.149075041766417,1,0,34.3715780940956
20026,1,0,1,0,1.78431947090622,1.02472514917801,0,0,58.7908307916698
20031,0,1,1,0,0.410555286721137,1.70286903474624,1,0,50.9741607738711
20047,1,0,1,0,0.974509249804548,-1.48316691851725,1,1,53.3755345015584
20050,0,1,0,0,-0.451242612633673,0.888409938325262,1,0,16.9879708561243
20070,1,0,1,1,1.34135534784148,0.204278589540706,1,0,40.9584009863074
20078,0,1,1,0,0.144577330398226,-0.198846848911958,1,0,NA
20079,1,0,1,0,0.539194278509718,-1.43373272407031,0,0,65.410060881727
20082,1,0,1,0,1.61452350559659,0.980508141885321,1,0,49.4527537366995
20095,0,1,0,0,1.03488179921141,0.630414986226518,1,1,NA
20106,1,0,1,0,1.61576985447796,0.63066802914391,1,0,37.135624232407
20111,1,0,0,0,0.61451403651371,1.29193845181524,0,1,23.7924636345416
20132,1,0,0,0,0.808881481719533,-0.278110414265612,0,0,63.0096885018351
20134,1,0,1,1,1.02657099037245,1.97050262471114,1,1,71.875754310096
20149,1,0,0,1,2.10363988379273,1.91290273177154,1,0,38.5028291218297
20154,0,1,1,1,0.724688737567908,1.57706138799701,1,1,38.5508571306188
20162,1,0,0,0,0.280413828335965,2.68886901993812,1,0,39.5284259731387
20165,1,0,0,0,1.62725189614581,0.947940105247979,0,0,20.8216315502444
20167,0,1,0,0,-0.457123542047776,-0.132665747027837,1,0,NA
20174,1,0,0,0,0.920184855951707,1.40415447124934,0,0,55.9055957269237
20188,1,0,0,0,-0.0855140304570345,-1.21858383328972,1,0,NA
20199,1,0,1,0,0.0917505481380076,-0.409760410334683,0,0,80.8029267016375
20209,1,0,1,0,-1.21243284703874,1.19372123026163,0,0,44.4324573138517
20211,1,0,1,0,0.760597681133966,-0.064436801356087,1,1,NA
20215,1,0,1,1,0.939824904556397,-0.862022462951108,0,0,73.9273793626136
20225,1,0,0,0,0.824939220430807,0.79616868912023,1,0,33.760194221376
20240,1,0,1,0,1.87498530331749,0.558012187965321,1,0,NA
20241,1,0,1,0,-0.212635585143218,-1.39441117129839,0,0,29.2625774401458
20244,1,0,0,0,0.526248907406969,0.00278512253643382,0,0,40.3224458487787
20249,1,0,0,0,0.085488256052198,-0.446420907008003,0,0,49.8060241869457
20257,1,0,0,0,1.80113023834289,-0.329638206279932,1,0,54.9436232529357
20264,0,1,0,0,0.691416393091071,0.680776915357532,1,0,NA
20294,1,0,1,0,-0.784495522510834,0.860961020312235,1,0,56.6482574644509
20303,1,0,0,0,0.601370923990729,-0.926588596538415,1,1,73.4306668233365
20313,0,1,0,0,0.304242885315178,1.75622491132575,0,0,49.059044438297
20326,0,1,1,0,0.253421317800254,-0.330203257626679,0,0,NA
20328,1,0,0,0,0.839964019594972,-0.430513625937928,1,0,54.4432911935553
20336,0,1,0,0,-0.0230949006477865,0.93577164721499,0,1,35.021347801338
20343,1,0,1,1,0.868365403536985,-0.0341459713866892,1,1,65.2580268823373
20351,1,0,1,0,2.58204001289192,1.99737549378671,0,0,76.3639407325872
20370,1,0,0,0,2.54245606045924,-0.291055249457711,0,0,NA
20377,1,0,0,0,0.663093698766507,0.811515132615273,1,1,23.764790880057
20396,1,0,0,0,0.995684781736858,0.993297788196758,1,0,61.8917029500644
20397,0,1,0,1,0.334990196137308,1.06131458445674,1,0,NA
20398,1,0,1,0,2.36196952455618,1.04826897955737,1,0,NA
20407,1,0,0,1,0.190631319971799,0.544375280546793,1,0,66.0066810101321
20409,1,0,0,0,-1.20487951111661,0.306928896830086,1,1,NA
20414,1,0,1,0,1.57908314546571,0.431771891807841,1,0,88.0952626292505
20418,1,0,0,0,0.134291607496526,-0.936486030205647,1,0,59.2218416515022
20424,1,0,1,0,-0.291762055316984,1.82988205481907,1,0,89.3804105588108
20427,1,0,1,0,-0.180129722510245,-2.158579255481,0,1,NA
20435,1,0,1,0,-0.0838295105531966,0.358019821060874,0,0,40.8047765886223
20438,1,0,1,0,1.13140473279058,1.86447999436095,0,0,30.4641615798674
20440,1,0,1,0,1.92649918043634,1.14966937869801,1,0,75.6078947506788
20441,1,0,1,1,1.42825978232793,0.0937754630640534,1,1,63.732598863308
20461,1,0,1,1,0.815599458045335,0.551535218027856,1,0,31.0744904708386
20468,1,0,1,0,1.16576154129129,0.437415990685692,1,1,NA
20477,0,1,0,0,1.80665232559838,0.0740687651773173,1,1,NA
20480,1,0,1,0,0.389749379275425,-0.340192080307705,0,1,29.6441822625858
20494,1,0,1,0,0.891630470385214,1.16533100478815,1,1,NA
20500,0,1,1,0,1.00490100426792,1.12156751571071,1,0,48.1898062972364
20501,1,0,0,0,1.41060677291281,0.712726806769842,1,0,31.5949516065471
20524,1,0,1,0,-0.486254665060682,0.330904983285496,1,0,NA
20527,0,1,1,0,0.923405942281778,1.83339724106246,1,0,65.9195803557436
20537,1,0,1,0,-0.975829085450378,0.462248201899134,0,0,34.9429821394879
20540,1,0,1,0,0.371629654892725,0.371067165594347,1,0,12.9118281876725
20541,0,1,0,0,-0.327337493661541,2.30317311491644,1,0,11.092246475022
20552,1,0,1,0,-0.909085561805343,1.56543756888997,0,0,35.5942187520112
20554,0,1,1,0,2.56624136973494,1.09178417830822,1,0,65.3948359146966
20556,1,0,1,0,2.39630497215459,0.899801964462888,1,1,44.51995536479
20558,1,0,1,0,-0.466300750983151,-0.34572222493268,0,1,NA
20563,1,0,1,0,1.08839579276963,-1.69700371152957,1,0,42.4063542727191
20584,1,0,0,0,1.69998352111452,0.557879565719975,0,0,39.3473204730833
20586,0,1,1,1,2.15145406204798,0.592334144061891,1,0,55.2306906885014
20589,1,0,1,0,2.0010505661983,0.397975238764956,1,0,NA
20591,0,1,1,0,0.635383962367249,0.745768091238195,1,1,NA
20596,1,0,1,0,1.04102120162189,0.578909426829864,1,1,49.1012021021923
20615,1,0,1,0,0.0642130576986479,1.00499286793534,1,0,NA
20628,1,0,1,0,-0.362783735407882,0.187211128311671,1,0,NA
20633,0,1,1,0,0.92195083948138,-1.00809317843317,1,0,NA
20661,1,0,0,0,-0.711142471182558,1.09966743110746,1,0,89.7004120835198
20676,1,0,0,0,2.02821665085376,-0.605289815627145,1,0,41.5446095796444
20681,0,1,1,0,2.1045933678685,0.81686110700443,1,0,NA
20685,1,0,1,0,1.18410904337683,0.361003845382388,1,1,64.988462630235
20695,1,0,1,0,1.77358440363796,0.364510463631207,1,0,58.8475296357353
20701,1,0,0,0,0.859492981856749,0.107338977068271,1,0,NA
20713,1,0,1,0,0.943150141611063,0.62097350461014,1,0,NA
20716,1,0,1,0,0.519050611192569,-0.0980085719607731,1,1,44.0905842903086
20717,1,0,0,1,-0.973769305434087,0.993043190012782,1,0,36.7728796470866
20721,1,0,1,0,-0.112813650996416,1.38326626205643,0,0,53.3986497943033
20736,1,0,1,0,0.834612548643685,1.17955374417177,1,0,53.830188338056
20744,1,0,1,0,-0.437590770066031,0.776522981089342,1,0,65.827364871139
20761,1,0,1,0,0.121030163146618,-1.25505385821613,1,0,57.9998527830618
20786,1,0,0,0,-1.17076127439602,2.2960408716965,1,0,NA
20809,1,0,0,0,-1.68364921202293,-0.171438093372896,1,0,33.4110551556605
20810,1,0,1,0,0.228026040174001,0.210995466987267,1,0,50.369189526019
20813,1,0,1,0,1.92525025111023,2.77954740219159,1,0,16.6767074662863
20828,1,0,1,1,2.49146533266435,2.42229820562931,0,0,89.7966168758397
20836,1,0,0,0,0.773519279903321,1.05474304956965,1,0,38.9380125521991
20849,1,0,1,0,-1.07256821309111,0.455655431507044,1,0,NA
20851,0,1,0,0,0.608444962418529,-1.22737588902877,1,0,66.8844417124384
20854,1,0,0,0,0.137187808536329,0.195952674751233,1,1,11.8171813734546
20855,0,1,0,0,1.040697555353,0.962546501975092,1,0,63.1427107015251
20865,1,0,0,0,0.847292529696246,-0.274370990854678,1,1,90.0280183271142
20866,1,0,1,1,-1.28348868042212,-2.41279168691232,1,0,NA
20871,1,0,0,0,2.22457607065447,-0.803412732645221,0,0,36.3994299208844
20880,1,0,1,0,0.750360910259552,-1.45140519817748,1,0,36.5347787153184
20885,1,0,1,0,-0.438752513219632,1.35338537964747,0,1,11.0775066768544
20886,0,1,1,0,1.64893146090317,0.728019084957073,1,0,62.5580675219321
20889,1,0,0,0,-0.0408951738984477,1.36098241785973,1,0,NA
20897,0,1,1,1,-0.209011549854446,-0.001914359341324,1,0,NA
20902,1,0,1,0,0.44734556200834,1.72616142137727,1,0,69.1146802948056
20912,1,0,1,0,1.32617534880258,2.0678099607135,1,0,59.1747422045032
20913,0,1,1,0,0.772610081998007,1.3972308923026,0,0,42.2068263825159
20941,0,1,1,0,-1.38821705980336,2.21087305552016,0,0,69.1707596628526
20942,1,0,0,0,0.587027806700459,1.9424676836458,1,0,39.4642627363704
20945,1,0,1,0,0.914363879072499,0.998906037248733,1,0,55.1737027630222
20961,1,0,0,0,0.798841537331351,0.69257917902307,0,0,NA
20983,1,0,1,1,1.90261204710782,2.45115410392872,1,0,65.0059894650688
20989,1,0,0,0,-0.189949525400463,-0.227651120743261,1,0,22.7837506913216
20995,1,0,0,0,-0.335544893087697,-0.174759002784321,1,1,24.1030634187546
20996,0,1,1,0,1.95031225329426,1.79340941056857,1,0,52.0672836988438
21009,1,0,1,0,0.432567488919602,1.21309512123656,1,1,54.3267338888745
21021,1,0,1,0,0.266183800250848,1.15587443025014,1,1,39.2509011640473
21029,1,0,0,0,0.0572298531707261,-0.893225691356366,1,0,NA
21034,0,1,1,1,0.390074347990855,0.360131591825435,1,0,46.0763992209121
21040,1,0,1,0,1.23463125621763,-0.741822110891525,1,0,62.8642976977283
21041,1,0,0,0,0.512890136208003,2.26161431153044,0,0,70.3986685352578
21046,0,1,0,0,0.59816145880186,1.00652310274261,1,0,44.1474941709073
21051,1,0,1,0,1.91814340586146,2.11505384153992,1,0,57.0634558347244
21062,1,0,1,0,-0.825527393563565,1.50122863043281,0,0,58.79403400369
21066,1,0,0,0,0.45387883559904,0.256292970503516,0,1,41.0926061395374
21067,1,0,0,0,-0.4043565791107,0.98031884475485,1,0,23.8849615113938
21071,1,0,0,0,1.39860302566188,1.82246044863474,1,0,NA
21076,1,0,1,0,2.52104924789649,0.140981293038193,1,0,76.574783314169
21079,1,0,1,1,0.201202623727901,1.1489977826159,1,0,25.2505176778557
21087,1,0,0,0,0.877009925038583,1.20833888087444,1,0,46.7447870747219
21102,1,0,1,0,-0.460988882003438,-1.3478546618351,1,0,44.9502425252848
21105,1,0,1,1,-0.679849403901183,0.123293456538016,0,0,NA
21125,1,0,1,0,0.847862123288002,-0.0059266569771913,0,0,48.1506616795281
21154,1,0,1,0,1.10048758338156,-0.463409722809263,1,0,52.1746904133622
21158,1,0,1,0,-0.238288365821844,0.881630252603572,0,0,61.6054144491198
21165,1,0,0,0,0.640303622424181,1.53052523497031,1,0,49.7392757348785
21170,1,0,1,0,3.16752702411581,0.415200292855105,1,0,25.1891294951903
21174,1,0,1,0,-0.261725034761055,-0.641499284958354,1,0,NA
21176,1,0,1,0,0.0366579304135409,0.739224048521052,1,1,69.2471977836648
21178,1,0,1,0,-0.37056305945194,-0.95892033644553,1,0,NA
21179,1,0,1,0,-0.00735309587297328,0.5024529000069,1,0,49.761115400141
21180,1,0,1,0,0.390163020042225,2.13905103322107,0,1,48.3646404701951
21189,1,0,0,0,-0.682347942667933,0.534316702558984,1,1,NA
21198,1,0,0,0,1.54342958264076,1.07558642549932,1,1,NA
21221,1,0,1,1,1.58470022584331,0.381107799098448,1,0,49.1708830958406
21230,1,0,1,0,2.27665948343318,1.61573422341114,1,0,NA
21252,0,1,0,0,1.09364200489621,-0.0217270412368382,1,1,40.7402620954354
21257,1,0,1,0,1.3819226314321,-0.377808283185415,0,0,21.0610427404787
21269,1,0,0,0,0.0628578916144422,-0.0208957082250529,0,0,19.9290728136569
21272,1,0,1,0,1.39692383169367,1.47425222450432,0,0,51.2095401847847
21282,1,0,0,0,0.224993342845442,1.3023563744191,1,0,30.1525684797075
21294,1,0,0,0,-0.391461943587256,2.57211553487711,0,0,NA
21307,1,0,0,0,0.104400984838648,1.62088906010214,1,0,16.9319075122943
21309,1,0,1,0,0.872314936396214,-1.31912148690381,1,0,50.4734508569431
21320,1,0,1,0,0.53054798082393,1.61915980016617,1,1,40.4935009975837
21321,1,0,0,0,0.559503733598266,0.634652563080822,1,0,29.9957277368144
21330,1,0,1,0,1.44177762249839,1.7808809626474,1,1,35.9177643052692
21338,0,1,1,0,0.604262876703362,1.10722628772025,1,1,25.0050721691853
21339,1,0,1,0,-0.175296132852682,0.161246328183402,0,0,69.6170941687852
21342,1,0,1,0,0.542324924544883,-1.24773161799034,0,0,NA
21347,1,0,1,0,1.49891056067807,0.7866993826598,1,0,56.5638061589846
21349,0,1,1,0,0.368019306510437,0.665402771169657,0,0,52.3955189996088
21366,1,0,1,0,0.0409931635728755,0.170588683739904,1,0,44.0810188809078
21381,0,1,1,0,3.05218403522758,0.541305344952959,1,0,36.1653867468679
21383,1,0,0,0,0.172920583992549,1.43394195720503,0,0,NA
21393,1,0,1,0,1.8304513959211,1.40650433955612,1,0,35.1837144412133
21400,1,0,1,0,-0.51817909860688,-0.817264501574539,1,0,80.0710811139841
21402,1,0,1,1,1.19163151737171,-0.473913012964058,1,0,NA
21414,1,0,0,0,1.96074516023065,-0.929098744712175,1,0,NA
21417,1,0,1,0,-0.927128798723352,0.0132789778046741,0,0,56.5187935549445
21419,1,0,1,0,0.685309391486411,-0.0213906423239255,1,1,50.2152508392386
21422,1,0,0,0,-0.476522120802998,-0.189619920892149,0,0,45.474298690168
21435,1,0,0,0,1.61493058932344,0.134548832377451,1,0,36.9373317259102
21444,1,0,1,0,2.44499917361537,1.40036308379513,1,0,84.1334685514401
21452,0,1,0,0,1.16957467349829,0.949851636925964,0,0,56.8533076431443
21458,0,1,1,0,1.28016270500577,1.86077533863478,0,0,80.7597563473523
21471,1,0,1,1,1.07656125657789,0.684240636067898,0,1,90.2112910478046
21472,1,0,0,0,-0.427294922564806,1.25202523534403,0,1,NA
21477,1,0,1,1,1.1752203269963,-1.20007330707954,1,0,48.4170286258034
21485,1,0,0,0,0.617160032438838,1.4142917834201,0,0,38.3534302520329
21501,1,0,1,0,1.89027008741442,0.815794250920373,1,0,NA
21506,1,0,1,0,1.37039591869524,1.26431015114685,1,1,66.6162957164063
21510,0,1,1,0,1.81164665741657,-0.602201048197992,1,0,42.7848591967172
21521,1,0,0,0,-0.213825492045864,0.347634938675081,0,1,57.5504005680186
21528,1,0,1,0,0.99461860519073,1.08541306987326,1,0,NA
21529,1,0,0,0,1.29077467659053,-0.507584977101459,1,0,65.3138046388384
21540,1,0,0,0,1.54023229101849,0.676556270398649,0,0,64.5640270821391
21545,1,0,1,0,1.47706218519623,-1.75066465210039,1,0,NA
21546,1,0,1,0,-1.37941944071985,0.778314479789126,1,0,36.2410666601517
21553,1,0,1,0,2.51662676862772,-0.310813322860693,1,0,60.0119554033315
21561,1,0,1,0,0.726996965925267,0.878568931580276,0,1,31.7699485823037
21562,0,1,0,0,1.08765936656886,0.648182179000103,1,0,35.1395328936106
21575,1,0,0,0,2.59125553171843,-0.33365278477228,1,0,21.4419769979982
21596,0,1,0,0,-0.233459614939379,1.0143410849634,1,0,NA
21600,1,0,1,0,0.714329543854504,0.10189078361275,0,0,57.9659976055798
21614,1,0,1,0,1.08901146028954,1.05592530752662,1,0,31.1057550373045
21622,0,1,0,0,0.980174308598007,0.817363793140597,1,0,39.3918568148164
21635,1,0,1,0,1.40898803433676,1.20957925935223,0,0,63.9270519165954
21643,1,0,1,0,0.601989564428094,-0.0157604020443136,1,0,36.3797231314265
21651,1,0,0,0,-2.8388387492588,-0.279264597408752,0,0,5.70783722366677
21652,1,0,1,0,1.41206401945796,0.989554678796955,1,0,35.5399934853606
21662,1,0,0,0,2.57972217488842,-0.129174397446064,1,0,29.6494449906704
21665,1,0,1,0,1.63633870302786,-2.3698490589411,0,0,NA
21675,1,0,1,0,-1.21418602890681,-0.437535981693945,1,1,NA
21680,1,0,0,0,1.77368692093642,0.010859876157324,1,0,NA
21690,0,1,1,0,0.418472841550492,1.62474719969976,1,0,78.9310662371745
21719,1,0,1,0,-0.322567743988181,0.649208462587887,0,0,46.9286053211171
21722,1,0,0,0,-0.323320475699225,0.0288393829121632,1,0,16.3498708567635
21726,1,0,1,0,3.11217865368781,1.27634960998768,1,0,65.0562339089946
21735,1,0,0,0,1.17987346532574,-0.257529602868737,1,0,40.6194517498295
21747,1,0,1,0,-0.0990424248156855,-0.118678331195448,1,0,NA
21759,1,0,1,0,0.641455991746808,0.137523478237141,1,0,10.6121712271126
21764,1,0,1,0,1.54539612050323,-0.140780477472749,1,1,12.9257754459707
21765,0,1,1,0,0.68508784126569,2.51521374941767,1,1,54.4028233920459
21766,1,0,1,0,0.319254273308675,0.0703832134708154,1,0,43.4328405904538
21769,1,0,1,0,1.11690360491034,1.54696402464648,0,1,43.6841178701309
21770,1,0,1,0,-0.00370242409113815,1.83571826748719,0,0,15.6978500981204
21779,0,1,1,0,0.0560314915947433,1.44019717823617,1,0,70.6988359506806
21781,1,0,0,0,0.702006549138242,1.15258985596172,1,0,50.5558098502884
21786,0,1,1,0,1.18080836657905,1.33108082667332,1,1,83.0048667049712
21787,1,0,1,0,0.630220618900302,0.732227227880153,1,0,36.5844156074819
21791,1,0,1,0,-1.30080159831148,1.95404970403587,1,0,67.7723138024037
21801,1,0,1,1,-0.934848102720942,0.469587239153049,1,0,69.848111108784
21805,1,0,0,0,-0.330033128160658,-0.397573674271114,1,0,46.882711470477
21806,0,1,1,0,1.79150324994343,1.53454586982537,1,0,28.3250643772016
21809,1,0,0,0,2.14011004708285,-0.402120859188854,1,0,55.6148987641219
21820,0,1,0,0,0.149831215100688,0.453722365964375,1,1,NA
21833,1,0,1,0,1.0449154254134,0.398034111255332,1,0,NA
21836,1,0,1,0,1.50690394793839,1.85535778765979,1,0,57.3553731719999
21837,0,1,1,0,0.644399818555894,-1.06808420739671,1,0,NA
21838,1,0,1,0,0.590059883967767,0.527015506335126,1,0,25.3249044757058
21842,1,0,0,0,2.89803711576438,2.03514069130106,1,0,NA
21844,0,1,1,0,0.231934260348662,1.28877117987203,1,0,NA
21848,1,0,0,0,0.257261488386317,2.14836201905474,1,0,51.5318137306891
21869,1,0,1,0,1.60046329000305,0.801680159820866,1,0,NA
21871,0,1,1,0,-0.299720429757738,1.97381552664081,0,0,29.6125433648319
21873,1,0,0,0,-0.0849649307318503,1.48538048032194,1,0,NA
21874,0,1,1,0,-0.101003534705204,-0.114505728611862,1,1,NA
21876,1,0,1,0,0.729635444492247,-1.49501907267562,0,0,30.8275538473654
21880,1,0,0,0,-0.279608431932991,0.703990809263326,1,0,68.3148500238418
21882,1,0,1,0,1.04566414585563,-0.402091718982678,1,0,54.5942203683859
21892,1,0,0,0,0.667932351956543,-1.14192597774315,1,0,40.0902604179912
21902,1,0,1,0,2.34449711689189,3.40657469359812,1,0,50.1343143362412
21903,1,0,1,0,0.608906884434723,1.24351310015918,1,0,80.4355216041476
21909,1,0,1,0,1.89108326603565,0.307234618398007,0,0,NA
21912,0,1,1,0,2.73440025721226,1.34270935412817,1,0,NA
21918,0,1,1,0,1.23653181238318,0.769577761225715,1,0,106.29419745426
21924,1,0,0,0,0.0251128754774099,0.864368978254807,1,0,55.2197156866727
21933,1,0,0,1,0.373951607699357,0.866956502612085,1,0,38.3783004423774
21950,1,0,1,0,0.862356032421686,-0.0511733854878719,1,0,83.6882917879959
21951,1,0,1,0,1.27839078450685,1.43131108023259,1,0,71.1905770827706
21955,1,0,1,0,0.00264661789394516,2.02550541993822,1,0,39.7315600009415
21959,1,0,1,0,1.1856092801583,0.464089417426928,1,0,NA
21962,0,1,1,0,0.886623631578731,2.0272729403339,1,0,NA
21968,1,0,0,0,0.533513385564732,-0.444216008029023,1,1,47.834874987264
21979,1,0,1,0,1.21335775811539,3.13240566759324,1,0,63.2662808721664
21980,0,1,1,0,-1.01103702499226,-0.784807814663464,1,1,NA
21998,1,0,1,0,-0.214792347258103,0.727896241051488,1,0,22.9394608770523
21999,0,1,1,0,0.315565405449273,0.242337165252677,1,1,47.4719454513583
22001,0,1,1,0,1.69960551666174,2.57289551694619,1,1,50.2831762136263
22018,1,0,1,0,0.929152628281015,0.198229485640461,1,0,7.46744718647027
22029,1,0,1,0,2.49153436479973,0.550771738685372,1,0,NA
22039,1,0,1,0,-0.764480271886178,0.657655762349706,1,0,18.8200534165937
22051,0,1,0,0,0.279981542500123,-0.154146084255412,0,0,28.5085488154701
22053,1,0,1,0,1.66474511737048,2.01572876285424,1,0,69.6119360884415
22059,1,0,1,0,-0.508778965557317,-0.106735045891539,1,0,38.8164959956235
22075,1,0,0,0,0.634260435970457,0.562831379882698,1,0,43.7038928211022
22082,1,0,1,0,0.796012010746066,-0.311886269659805,1,0,NA
22085,1,0,1,0,-1.80129049314876,0.452972285552582,1,0,28.4814162415127
22091,0,1,0,0,0.240047542834113,0.0434499082171892,0,0,23.3546110962002
22095,1,0,1,0,1.30263264749861,2.65757174655377,1,0,NA
22100,1,0,1,0,-0.881897362909596,2.89071255459124,1,0,NA
22102,1,0,1,0,1.22377825895533,-0.886104114764758,1,0,NA
22112,1,0,1,0,1.53412207514935,4.29513906965087,1,0,93.0327318044332
22115,0,1,1,0,0.423313666039498,3.26170644123304,1,1,40.9686388936325
22130,1,0,1,0,2.24054336782385,1.95541981684503,1,0,68.2360601083707
22139,1,0,1,0,2.46271169493759,-0.41107083729086,1,0,57.0724742463152
22155,1,0,1,0,-0.844404557557531,0.0353897817600954,1,0,40.6161007472867
22156,0,1,1,0,0.284887649090928,0.748055449547241,1,0,63.0978003325839
22157,0,1,1,1,1.82081346165719,0.760863012634765,0,0,NA
22158,1,0,1,0,-0.782334292036996,0.0915477979775143,0,0,NA
22162,1,0,1,0,1.56588774906189,-0.260317298982363,1,0,8.05192329146787
22166,1,0,0,0,-0.0425251844730272,-0.279184275672138,1,0,NA
22172,1,0,1,0,2.5824031287846,1.95291033454428,1,0,20.9123765462149
22173,1,0,0,0,0.104770756739388,0.488552949957586,1,0,33.7167937811359
22174,1,0,0,0,1.20466979019034,0.52327668040314,1,0,8.8306682047608
22180,0,1,1,0,-0.0878154201740862,0.628071477402652,1,0,47.8086415054539
22181,1,0,1,1,1.96011518014682,0.915608664555112,1,0,50.3074965645616
22215,1,0,1,0,0.249941617926079,0.360424344677418,1,0,41.169023104707
22221,1,0,0,0,0.564449373088593,-1.13049671952226,0,0,55.6618660663033
22226,1,0,1,1,0.870242459687199,0.0889346178002723,0,0,67.1037788535541
22235,1,0,0,0,-0.171376435556554,0.694749039722855,1,0,27.2882803018556
22238,0,1,0,0,-1.15662661494837,1.57727420422124,0,0,NA
22247,1,0,0,1,0.998444221026322,1.43070743528198,1,0,-26.8516171536039
22261,1,0,1,0,-1.22353514758572,-0.971720350460261,0,1,NA
22273,1,0,0,0,-1.40805100441672,0.773398256421644,1,0,NA
22281,1,0,1,0,-0.579973371303527,-0.560963937194808,0,0,75.5005305771039
22284,1,0,1,0,2.07336586935104,0.855292472417188,1,0,50.8641183097082
22293,1,0,1,0,0.500143616956184,1.08035325160433,1,0,20.9415671681238
22308,1,0,0,0,0.597386808666264,0.20601802398837,1,1,44.4756477746146
22310,1,0,1,0,0.204525519532892,-0.525947454062577,1,0,88.6502191605703
22327,1,0,0,0,1.17745781672554,1.38930529174398,1,1,15.1141921797556
22329,1,0,1,0,0.791642281598217,-0.353142743503483,1,0,NA
22350,0,1,0,0,0.866376672889764,2.13174012652556,1,1,50.8214332639531
22360,1,0,0,0,-0.896105558750256,-0.255644351085703,0,0,35.5751972722872
22372,0,1,1,0,-0.94441852975352,1.57942386642491,1,0,17.9059376587694
22375,1,0,1,0,0.671534267167782,-0.171427277714716,0,1,NA
22377,1,0,1,0,1.29772797375862,1.48924922654746,1,0,46.7367312672608
22378,1,0,1,0,0.87259054947745,0.479847921362445,1,0,38.3943401136622
22393,0,1,1,0,1.93953929251002,1.78545075499487,1,1,25.6881433523114
22395,1,0,1,0,-1.23804253825317,-0.363627530668307,1,0,45.326924890517
22398,1,0,0,0,0.0233452740711249,0.594928075292935,1,1,35.6860348357298
22411,1,0,1,0,-0.635920477613199,1.27904513683689,1,0,NA
22413,1,0,0,0,1.01219465010068,1.21270005964715,1,0,NA
22427,1,0,0,0,0.671899856287596,0.641592074223315,0,1,33.0694502642066
22430,1,0,1,0,0.944503883381718,-0.971606404481786,1,1,29.4378784005727
22440,1,0,0,0,0.188601709708922,1.60997299293082,0,0,35.1269940051689
22445,1,0,1,0,-0.125061919973942,1.60983588453679,1,0,46.6031547208347
22448,1,0,0,0,0.355967803216709,1.18918948768999,1,0,22.789374856084
22449,1,0,1,0,2.74195202032376,1.56015841123139,1,0,49.7763459962884
22452,0,1,1,0,0.433793765939719,-0.60675868208412,0,1,NA
22457,0,1,1,0,0.020087522442166,-0.476534984357894,1,0,76.0017496198669
22474,1,0,0,0,0.71789247499235,0.302861702941295,1,0,34.5645386951604
22489,1,0,0,1,0.228481979877061,-0.858858300640733,1,0,24.2328637760944
22514,1,0,1,0,-0.253159086798373,1.16419177991045,1,0,31.4668614447017
22517,1,0,1,0,2.46033984983381,2.25328878378369,0,0,70.4920595171289
22530,0,1,0,0,2.32212321232302,-0.245705259567776,1,1,46.4749693351664
22536,1,0,0,0,1.05872055637988,0.987465108765619,1,1,70.2909711641812
22540,1,0,1,0,0.803591181797838,1.81498339822067,1,0,68.1033836661058
22550,1,0,1,0,0.159042596202902,1.30688368064757,1,0,44.546635058068
22552,1,0,1,0,0.111451862665823,0.493591841847698,1,0,24.8354372949747
22580,1,0,0,1,0.368241415203368,1.02038626223804,1,0,49.5221252647023
22581,1,0,1,0,1.1591478649219,2.20768881511088,1,1,53.2762269752724
22584,0,1,0,0,2.65612632463358,0.642822256389863,1,0,NA
22588,1,0,1,0,1.09198794901805,-0.181689606514765,1,0,81.0170920483129
22592,1,0,1,1,-0.231900240475448,-0.957572464164482,1,0,23.2001246625081
22596,1,0,1,0,0.365502291041985,0.663483691480209,1,0,53.1957029407373
22597,1,0,0,0,0.169929429274558,1.17832487712232,1,0,NA
22625,1,0,0,0,1.17205125510655,1.33270402579676,1,0,66.6321841531496
22627,1,0,1,0,0.439696760713638,0.510570675760195,1,0,25.7338849788016
22629,1,0,0,0,-0.370918176614255,0.0656947233939545,1,0,NA
22630,0,1,1,0,1.10244610756976,0.111576333966311,1,0,42.5000277872774
22637,1,0,1,0,1.86829013665247,0.987082475336285,1,0,94.1483501588333
22638,1,0,1,0,1.17961742843866,1.39218001635038,1,0,62.9616463504265
22652,0,1,1,0,-1.11520261908919,1.61918594688649,1,0,46.2339128292568
22654,1,0,1,0,1.63539278507463,1.73278891472957,1,1,64.4025430338055
22671,1,0,1,0,2.99445304897463,0.324587249929278,1,0,35.1134060455295
22676,0,1,0,0,0.555245082380033,0.306509923628517,0,0,NA
22678,1,0,0,1,-1.39464625155109,-0.746987076501663,1,0,55.4752558490718
22694,1,0,0,0,0.705411365388104,2.33717381061929,1,0,38.1061139224609
22695,1,0,1,0,0.959021011521177,0.102345529891444,0,0,59.7809275414779
22702,1,0,1,0,0.604047092042054,-0.0427162415884094,1,0,NA
22729,1,0,0,1,-0.482968458446592,0.550665985755749,1,1,70.0797252760479
22735,1,0,1,0,0.405782459693914,-0.303962188506023,1,0,45.8837359785635
22737,1,0,1,0,3.36421995424217,1.49292755193522,0,1,78.436418057597
22740,0,1,0,1,0.240984228990968,0.866507222967762,0,0,37.0473373108425
22745,1,0,1,0,1.00974582307362,0.27728512017726,1,0,45.3169595835506
22764,1,0,1,0,1.4711456826177,2.38699087324851,1,0,58.6503781841616
22772,0,1,1,0,0.705915441953661,0.0815474029116603,0,0,68.63392803055
22775,1,0,0,0,0.487469783475449,-0.546780606677134,1,0,22.0597693017439
22783,1,0,0,0,1.41812097019742,0.44691589929559,1,0,45.9452242112209
22796,1,0,1,0,-1.17626585023039,0.36746071529283,1,1,30.5313240175921
22799,1,0,1,0,1.90996151053293,-1.52789970935712,1,0,63.4032636064945
22815,1,0,1,0,-0.694845159032842,2.19982497044484,1,0,99.1823810281557
22819,1,0,0,0,1.21426265351832,0.550937556398546,1,0,NA
22838,1,0,1,0,0.854966258537555,1.4123901948174,0,0,65.1219390327236
22853,1,0,0,0,-0.864107084824476,-0.257055096397202,1,1,NA
22860,1,0,1,0,1.50089046634306,0.306290487405408,1,0,53.3100367307782
22869,1,0,1,0,0.279484677725263,-0.0466509146862073,1,0,51.2590045220932
22893,1,0,0,0,0.537473632601248,1.06623346971052,0,1,NA
22894,1,0,1,0,1.2624583544854,0.680466907502413,1,0,111.409576258184
22897,1,0,1,0,-2.16339943428926,1.67391967747156,1,1,NA
22904,1,0,1,1,1.19458386959083,1.02798387619175,1,0,NA
22909,1,0,1,0,-0.737464762302954,0.391035625295795,0,0,63.7486129076058
22924,1,0,1,0,-0.168318831932641,2.05643506149972,1,0,69.6260088451697
22939,1,0,1,0,1.31868367043588,2.19401762951892,1,0,80.1340828141679
22940,1,0,1,0,0.624469213973257,0.142899546728403,1,0,88.7348000184178
22943,1,0,1,0,2.39909937299938,0.914192704729464,0,1,54.2653211467446
22955,1,0,0,0,1.21749316345153,-1.33620451178853,1,1,NA
22965,1,0,1,0,0.509205569331807,-0.333390723543634,0,1,71.6156254951544
22966,1,0,0,0,-0.715316941224495,-0.315864504800886,0,0,18.5379321013005
22989,1,0,0,0,1.0177896917338,0.718959457881346,1,1,37.073462442955
22996,1,0,1,0,0.901343115061353,-0.154208553712417,0,0,NA
23006,1,0,1,1,0.445530917610298,-0.58064715028683,0,1,59.8644124368629
23013,1,0,1,0,-1.04427078705521,0.841180150127524,1,0,25.3598741190048
23016,1,0,1,1,2.04796993721485,0.57334478717488,1,0,62.1395833168175
23023,0,1,1,0,1.69125635575493,0.0165063510137462,1,0,NA
23029,1,0,1,0,2.29031459602564,2.31215223002414,0,0,68.0155476920067
23035,0,1,1,0,1.72488223750466,-0.111907934274972,1,0,NA
23036,1,0,0,0,1.31581043407714,1.08908605193921,0,1,NA
23038,0,1,0,0,0.878209124833655,2.05551476440209,0,0,94.4494094500418
23049,1,0,1,0,0.704972361532832,0.637260118764097,1,0,70.6903390881593
23063,0,1,0,0,-0.383327150094119,-0.28569135256923,1,1,NA
23069,1,0,1,0,1.40270645572339,0.854837108724975,1,1,35.1502847019595
23078,0,1,0,0,1.10127162967219,-0.471180608060933,1,0,83.071287680342
23079,1,0,1,0,-0.986499218938428,0.406707288879366,1,0,34.0157484183037
23100,1,0,1,0,1.12283437132495,1.68939884628657,1,0,24.6363208562261
23101,0,1,1,0,1.46159804453536,0.980413259663841,1,1,61.6771727954635
23102,1,0,0,0,-0.524598148864149,-0.512893343250786,1,0,-3.18088415827244
23103,1,0,1,0,1.18123536267944,1.70728504348142,1,0,58.491114401134
23106,1,0,1,0,1.66046764247893,-0.488141119882267,1,1,48.7080804989903
23108,1,0,1,0,0.608245975626282,-0.170697700336936,1,1,54.762152475676
23114,1,0,0,0,1.42077654296127,0.634081489871747,1,0,33.0227682164068
23120,1,0,1,0,0.784781064141374,0.468474535465378,1,0,NA
23121,1,0,1,0,1.79730796973853,0.582270296747155,1,0,43.5822990287737
23136,0,1,0,0,2.92601915667821,-0.241699550532588,1,1,96.1872761849956
23159,0,1,1,0,0.594389190533644,-0.415417999452904,1,0,41.5790071861131
23183,0,1,0,0,-0.643928940962965,1.84439229144505,1,0,27.5895122309885
23184,1,0,0,0,1.13753452945164,1.354049569063,1,0,35.4522268350127
23192,1,0,1,0,1.41983096870741,1.49378804645081,1,0,46.1795459568596
23194,1,0,0,0,0.353608758231968,1.76852959944842,1,0,NA
23200,1,0,1,0,2.30915999855294,0.0879202899968929,1,0,43.5935280368494
23214,1,0,1,0,1.360294948475,0.663584485453371,0,0,38.6476636240326
23216,1,0,0,1,-0.600743522215355,1.89536216303522,1,0,36.9826592426471
23229,1,0,0,0,0.493865638568358,1.69211823335725,1,0,66.8525223953884
23234,0,1,1,0,-0.227993030632219,-0.198855908805238,1,0,NA
23241,1,0,1,0,0.740243891892396,0.936530341178937,0,0,48.3853629262166
23260,1,0,1,0,0.885996420819179,1.254541649259,1,0,71.5590764265603
23264,1,0,1,0,-0.6337162846487,1.32540598810509,1,0,NA
23273,0,1,1,0,2.82781764643617,3.36929605221197,1,0,31.0979358265131
23284,1,0,0,0,1.12424262714168,-0.822022229350979,1,0,13.2383491616331
23291,1,0,1,1,1.31877197927062,-0.595434795998461,1,0,60.5843355147698
23306,1,0,0,0,1.92094907339851,-0.268217763554457,1,0,25.9293993040888
23322,0,1,1,0,-0.0975814156970553,0.315330802253891,1,1,28.9416455392174
23324,1,0,1,0,1.14200186269342,0.54679283619476,1,0,70.4729470166795
23343,1,0,0,0,0.951901445752504,1.79058475254437,1,1,56.716282502583
23359,1,0,1,0,2.09542731211175,0.602807759214362,1,1,68.1007765685316
23368,1,0,1,0,0.964489065083676,2.76267418461864,1,0,48.8083485704502
23382,1,0,0,0,-0.830785496793231,2.43191067245014,1,0,74.2452750242423
23389,1,0,1,0,2.62492567797786,1.98720548879065,1,0,33.8424793925392
23403,0,1,0,0,-0.445173697515441,1.42073981412461,1,0,NA
23410,1,0,1,0,-0.00620663796098153,-0.417743453618219,0,1,22.8807473195393
23412,1,0,1,0,0.265542864087898,0.350982754106301,1,0,63.9861552122676
23430,1,0,0,0,-0.272321316441851,-1.3161007810001,1,0,27.1061026378925
23437,1,0,1,0,1.96331183814449,0.407325751148782,1,1,54.7200076465021
23443,1,0,1,0,-0.0647804765804636,0.135219008821123,0,0,NA
23447,1,0,1,0,0.00240514447366746,1.38102871389125,1,0,40.2763961433933
23453,1,0,1,0,2.34677922025144,-1.36474286308728,1,0,62.3517868324012
23456,1,0,0,0,0.918677512504106,-1.04646537892988,1,0,11.0988729003183
23464,1,0,1,0,0.466370842647318,0.49967638922028,1,0,60.67793984429
23469,1,0,0,0,-1.1423750206006,-0.0560265047303008,1,0,47.0090697767776
23495,1,0,1,0,0.877810951110607,0.285151428232141,1,1,53.274368773805
23499,1,0,0,1,-2.11875610627002,-0.710177542141665,0,0,18.2836073668358
23505,1,0,1,0,2.04512192849442,0.621831271621072,1,1,NA
23506,1,0,1,0,0.351160447667828,0.0563529502030018,1,0,42.6501482873642
23518,1,0,0,0,0.962951363243237,2.04606105839001,1,1,40.7573394059521
23525,1,0,0,0,1.55231768394748,0.439756877562778,1,0,50.2381982819052
23533,1,0,0,0,1.43846714864648,0.966760121717341,0,1,61.8210357659728
23554,1,0,1,0,1.18285516625043,-0.0735817902712949,1,0,37.5048652227619
23559,1,0,1,0,0.104619469457056,0.566326927174042,1,0,NA
23561,1,0,1,1,0.379870628624127,-1.98865864569492,1,0,27.4433409920176
23562,1,0,1,0,0.00580973258449802,0.214556095632054,1,1,61.2332165343436
23567,1,0,1,0,2.27312697866499,2.48384610403515,1,0,53.3479382111866
23571,1,0,1,0,0.87788462404588,1.71973358126758,1,0,60.8722632540448
23584,1,0,0,0,1.93133412204905,0.442956836575974,1,0,65.1510378272635
23595,1,0,0,0,1.00461304239916,1.45450383491956,0,0,35.4416732275693
23600,1,0,1,1,2.85790374365685,1.04068523811293,1,0,84.8422826744709
23602,0,1,1,0,1.87561991353392,1.23329963030579,1,0,73.0697533168346
23606,1,0,1,0,0.513379467394608,0.361873451008652,1,0,NA
23608,1,0,1,0,-0.0602663931839424,2.07103427602164,0,1,38.3696518946701
23616,1,0,1,0,1.88155786837368,0.0600944481940345,1,1,42.1714492250748
23617,0,1,1,0,0.982787460243439,1.10612443026788,1,0,56.8456104264647
23627,1,0,1,0,3.00716539643857,-1.39638433630469,1,0,49.4696851546856
23629,1,0,1,0,1.40751727697525,-0.303227316858729,1,0,NA
23641,1,0,1,0,0.684556784704044,-0.375955118804974,1,0,36.5739221692383
23647,0,1,1,0,0.953405360513428,0.154661980981862,1,0,60.0729892188359
23649,1,0,0,0,2.43915475957798,-0.132523923032749,0,0,31.1920708150969
23652,1,0,1,0,2.68991150384561,0.474956404518282,1,1,60.0555818494818
23661,1,0,1,0,0.229386241642433,-0.273731413436986,1,0,42.6976547677465
23664,1,0,1,0,0.0306566780115977,-0.437757333788257,0,0,98.4287639173239
23683,1,0,1,0,3.18639525682805,0.592552716478658,1,1,NA
23688,1,0,0,1,-1.25390460448379,-0.929531692389709,1,1,46.5511438971408
23693,1,0,1,0,-0.622537122517512,-1.34252848702775,0,0,98.7055987771895
23695,1,0,1,0,0.999314160691286,0.759379890336015,1,0,25.0515808376588
23696,1,0,1,0,2.89289507327282,1.02445981042522,1,1,91.477785839619
23699,0,1,1,0,3.4370800927123,0.702816355082185,0,0,90.9031148368451
23722,1,0,0,1,0.263518991051135,0.822340979225964,1,0,46.469892957805
23728,1,0,1,1,0.14525421369703,0.278221787685063,0,0,69.6552563395575
23738,1,0,1,1,1.20323435579,0.61305747936232,1,0,81.1544170941792
23760,1,0,1,0,0.657857291282721,-1.30744106228786,1,0,30.4978605620265
23761,1,0,0,0,1.99480973745486,1.56589020794123,1,0,54.9909132200203
23779,1,0,0,0,-0.976113535975886,-0.439950304775764,0,0,53.0532566783265
23787,0,1,1,0,2.36287574661889,0.437100318271427,1,0,74.661619869531
23796,1,0,0,0,0.168240334484984,0.502388993563958,0,0,71.9063267398393
23800,0,1,1,1,1.70475462713662,0.870412914440661,1,1,32.8538444441052
23805,1,0,1,0,-0.674329359947463,-0.0832546944517141,1,1,65.2012324297953
23806,1,0,1,0,2.34759284780307,0.15002936775794,0,0,38.1604185637928
23808,1,0,1,0,0.43426563494095,1.61242038777597,1,0,NA
23819,1,0,1,0,0.390908267781428,0.0624770661411536,1,1,NA
23821,0,1,1,1,1.87374699593292,0.798707220370211,1,0,55.1211654052091
23824,0,1,1,0,0.658073608711003,0.227307420516298,0,0,NA
23831,1,0,1,0,1.34971355741063,0.548037877414003,1,1,34.122740652889
23842,0,1,1,0,0.452651698927577,-0.340401578987577,1,0,26.2732804493774
23843,0,1,0,0,0.336900787524322,1.52431847986398,0,0,50.0992942084647
23848,1,0,1,0,1.07811820326633,0.789076647111083,1,0,NA
23879,1,0,1,0,0.205024269916387,1.68283863682679,1,0,74.4417631040195
23888,0,1,1,0,1.0709243212891,1.4894154462849,1,0,89.5639467636016
23895,0,1,0,0,1.33669925939308,1.61927011451044,1,0,56.850970688092
23898,1,0,0,0,-0.0299389817659916,0.254347518465307,0,1,NA
23909,1,0,1,0,0.169923340006712,1.28953554786768,0,0,44.7833487438833
23916,1,0,1,0,-0.730499041962705,-0.0233585270584766,0,0,64.9120498044738
23918,1,0,0,0,2.20889931203672,-0.101671431310373,1,0,65.8132329234162
23920,1,0,1,0,0.30932801148113,-0.68023618821031,1,1,57.1152172054889
23927,1,0,1,0,-0.28703396090693,-0.180325691374814,1,1,69.4087647769901
23932,1,0,1,0,1.55495054956281,1.78101500648667,1,0,62.0466921201206
23933,1,0,1,0,0.228904833943547,0.816035079478592,1,1,57.8602075843406
23944,0,1,1,0,2.23306574474095,0.566986811786703,1,0,95.389827162188
23950,1,0,1,0,-0.342090560852684,-0.0921886904395064,0,0,53.1067053351183
23962,1,0,1,0,0.381745874787057,0.875020004697067,0,0,69.6236515261086
23964,1,0,0,0,1.93110771006912,1.67018295683363,1,1,NA
23980,1,0,0,0,-1.19702925028181,-0.0403616537019077,0,1,18.6464197091679
23987,1,0,0,0,1.75427057553318,0.922526523755318,0,0,NA
23999,1,0,1,0,2.13034909956103,0.95991768356406,1,0,40.3285546287009
24004,1,0,1,0,0.129429058674556,-0.281532369326684,1,0,36.5291890032356
24012,1,0,1,0,3.38700660141598,1.74126115604566,1,0,66.3660272393725
24018,1,0,1,0,2.20395516925767,1.44455272639045,1,1,51.1184430902893
24031,1,0,1,1,-0.216112489396833,2.12686754573305,1,0,51.2897040936102
24047,0,1,1,0,3.22370868090279,0.335145620328625,1,0,38.1379786050388
24055,0,1,1,0,1.6800545485775,0.252059722365425,1,1,1.56575275159152
24056,1,0,0,0,1.57808779536012,0.679320571560696,1,0,52.7197285112599
24059,0,1,1,0,1.29651918034341,-1.32446075714245,1,0,NA
24070,1,0,1,0,1.63138710847037,-0.213357203998944,1,1,44.9857004187443
24083,1,0,0,0,-0.781058632259079,-0.431765324031325,1,1,48.2288371073692
24085,1,0,1,0,-1.0871988564377,-0.894055669226925,1,0,70.6356143500441
24092,1,0,1,1,-0.087928098703761,2.65309975263858,1,0,81.0401410093387
24099,1,0,1,0,1.99788181202496,1.27662839049142,1,0,49.0530572238426
24108,0,1,1,0,2.02902608217825,1.50173655980246,1,0,45.1079941193661
24113,1,0,1,0,1.17219324437865,0.896627378165884,0,0,59.2455011868171
24116,1,0,1,0,1.12898887123337,2.44343884307286,1,1,31.271713782493
24132,1,0,0,0,-0.0446820951525679,1.21086988117537,1,0,45.7753422564879
24133,1,0,1,1,0.58582767614205,0.692128397477691,1,0,58.103352963215
24137,1,0,1,1,1.19599053440341,1.51661252603935,1,0,NA
24147,1,0,0,1,-1.43870709097074,-2.09338909139543,1,0,37.1064087681555
24149,1,0,1,0,0.871587109164222,0.584799063096271,1,0,52.0636905303728
24155,1,0,1,0,-1.78315282924893,-0.285775784139784,1,0,28.7939577273777
24157,0,1,1,0,1.62230373868874,3.65807935387755,0,0,63.0774067304659
24165,1,0,1,0,1.1372020569757,0.421105510708216,1,0,56.1673816520658
24168,1,0,1,0,-0.117205240166475,-1.20614380170316,1,0,51.9287891041031
24186,0,1,1,0,0.624280407917208,0.856619641880286,1,0,46.633159144281
24196,1,0,1,0,0.170301414938515,-0.324925757331962,1,0,46.1308803758411
24203,0,1,0,0,2.4356584605375,-0.347879545741872,1,0,NA
24217,0,1,1,0,1.11350657718792,1.55331810277008,1,0,NA
24228,0,1,1,0,0.0766788618055667,0.261364621873377,1,0,41.786093261765
24229,1,0,1,0,1.47095644325146,0.33122672584671,0,0,NA
24241,0,1,1,0,1.20515979278868,0.705292114191998,1,0,52.883083949213
24247,1,0,1,0,1.80346373512224,1.82539537438768,1,0,79.706841857229
24265,1,0,0,0,-0.198330122133924,1.45967586402102,1,0,NA
24283,1,0,1,0,1.37057503470456,0.14139997855853,1,0,37.7326653468043
24290,1,0,1,0,3.51595506804171,0.483567630800883,0,0,NA
24303,0,1,1,0,1.01113925049793,1.38481800127572,1,0,76.5723702149098
24311,1,0,1,0,-0.183667252765657,0.0777871548934308,0,0,NA
24312,1,0,1,0,1.45238062466078,0.823141529723675,0,0,NA
24314,0,1,1,0,-0.0588527539734021,0.748509097619878,1,0,59.7020563363186
24317,1,0,0,1,0.116220698756902,-0.129843685459206,0,0,37.7646572497981
24319,1,0,1,0,0.106101812045995,0.221721030087668,1,0,38.471590767175
24322,1,0,1,0,1.84421075061112,-0.0415166733989731,0,1,40.9783845982973
24333,1,0,1,0,0.335234166269892,0.651924050843168,0,1,29.4009032541135
24344,0,1,1,0,0.0338872257551399,1.86308868871858,1,0,66.4341411338993
24346,1,0,0,0,0.707766669263152,-0.342592132803508,1,0,57.650158260146
24356,1,0,0,0,-0.777483896733583,0.564718525197489,1,0,20.9684232535906
24362,1,0,1,0,-1.37562508779117,-0.49299494658627,1,0,NA
24365,0,1,0,0,1.61745783457192,0.892553628457276,1,1,39.2358419491124
24369,0,1,1,0,1.49128614845804,2.45201996613265,1,1,49.5944254756423
24377,1,0,1,0,1.43330294395306,0.50146886205264,1,0,NA
24396,1,0,0,0,0.725919652220532,1.15547775782312,1,0,15.0174463161636
24399,1,0,1,0,2.8104631494892,0.291488551896835,1,0,NA
24407,1,0,0,0,1.52252551950368,1.57090688879049,1,0,NA
24420,0,1,0,0,1.36698217990803,2.53882657924107,0,0,46.5753348393367
24424,1,0,1,0,0.777348316239947,0.667918901576097,1,0,66.1215285690438
24439,1,0,0,0,1.18687874355976,0.775419707286859,1,1,NA
24444,1,0,1,1,-0.261781196065429,1.40010062525992,1,0,9.1536193884603
24447,0,1,1,0,-0.359991139069455,2.01146585815136,1,0,30.015865336876
24452,1,0,1,0,1.1847897146767,0.330026372872313,1,0,30.2759085052528
24453,1,0,1,0,0.475498908360816,1.02053483905069,1,0,86.2832321852907
24454,1,0,1,0,1.33239447266832,2.0695207801294,1,0,11.514312518222
24456,1,0,1,1,1.13122006651889,-0.230332264115824,1,0,48.939787119853
24471,1,0,0,0,-1.6167912546419,0.399262791338944,1,0,78.6881496504667
24511,0,1,1,0,1.31702147559219,0.734115323214346,1,0,54.9441948621771
24513,1,0,0,1,-0.269114374670667,-0.0637194135120655,0,0,24.745218605874
24521,0,1,1,0,-0.116673840549683,-0.98349559692371,0,0,NA
24530,1,0,0,0,0.085817864100663,0.101522948165786,1,0,NA
24546,1,0,0,0,1.23669524306337,1.72940838123949,1,0,45.8144855881979
24551,0,1,1,0,1.8707562799785,2.21305691901681,1,0,38.9879883096286
24569,1,0,1,0,-1.27350274950701,0.117073561492093,1,0,75.3380426801903
24594,1,0,1,0,-1.21280755172445,0.332977218864788,1,0,23.8690844085013
24599,1,0,1,0,0.406973010017783,1.56855071259411,1,1,NA
24607,1,0,1,0,-2.03073161251047,0.0502251941974793,0,1,69.9373865761535
24634,1,0,0,0,0.399901374541751,0.958106427340667,0,0,37.0180312182836
24637,1,0,1,0,1.53887818899533,-0.139400046333559,1,1,NA
24640,1,0,0,0,-0.540667972615886,-0.257760117812362,0,0,25.2709318664174
24642,0,1,1,0,1.16156779017022,1.73853316073865,0,1,NA
24645,1,0,1,0,1.96275301478856,-0.259376453387229,1,0,26.5801090084868
24650,0,1,1,0,1.07308122913281,2.18708784914429,1,0,75.1811531810615
24652,1,0,0,0,1.61773410250391,-0.0450646853810586,1,0,41.936658658905
24664,0,1,1,0,0.243858485595434,1.22319601805732,1,0,74.6129323168034
24666,1,0,0,0,-1.13205078062851,1.01537548575844,0,0,31.025587212374
24669,1,0,0,0,1.36015675277909,0.454178084575009,1,1,NA
24671,1,0,1,0,0.916875927789456,0.25293429347034,1,0,NA
24684,0,1,1,0,0.16320944160139,-0.0352081184366906,1,0,77.27893479984
24691,0,1,1,0,0.882985600673373,-0.338989290275018,1,0,NA
24695,1,0,1,0,-0.364736451553273,0.843415822209354,1,0,41.589853266919
24724,1,0,1,0,0.228262882432384,0.00880433472837561,1,0,NA
24755,1,0,0,0,2.20979025366207,1.35155073997154,1,1,63.9272207747031
24762,1,0,1,0,-0.363999478454043,0.60277721847484,0,0,75.6766295325568
24771,0,1,1,0,1.65378656782683,1.55137186835364,1,0,60.408524601419
24786,1,0,1,0,-0.140151565081633,0.518245495419772,1,0,63.1580617723731
24803,1,0,1,0,-0.148676380036864,2.06694408429615,0,0,59.356415226074
24813,1,0,1,0,-0.610477217648432,2.05102159142855,1,1,17.4574588456172
24817,1,0,1,0,1.80436313561992,0.392066843885022,1,0,59.3147967621303
24824,1,0,1,0,0.630742527184573,-1.42391679188695,0,0,41.7608212608682
24828,0,1,1,0,2.46629432305953,0.327778275955355,1,0,88.4950300395772
24841,0,1,1,0,2.44554193319332,2.1830362555571,1,0,55.4098503612034
24853,0,1,1,1,1.41660581121815,2.23088385564389,0,0,77.7768702075509
24856,1,0,1,1,0.335097859974638,1.05377601019117,1,0,63.5925897898345
24858,1,0,0,0,-0.878887438433853,0.36586403024528,0,0,NA
24861,0,1,0,0,0.199630608836169,-1.30434982949454,1,1,69.1146613414066
24864,1,0,1,0,0.593369710026319,-1.15379792850131,1,0,51.0342198590136
24871,1,0,0,0,0.246172612637214,1.14863724323312,1,1,71.2637504930501
24885,1,0,1,0,1.1170989791161,2.6477521510212,1,1,NA
24889,1,0,0,1,0.187642493000211,-0.514982185244511,0,1,45.2355273227945
24913,0,1,1,0,0.637243690910006,0.700682744669411,1,0,52.8328579884367
24917,0,1,1,0,1.4276815096175,-1.08138363817093,1,0,74.7465353330728
24939,0,1,1,0,0.0917152401971165,0.886446917578239,1,0,66.5957401327844
24942,1,0,1,0,-0.121316143501918,0.47226192117069,1,0,65.1236115670921
24953,1,0,1,0,2.72727077152995,-0.390540878727701,1,0,42.610121211675
24957,1,0,1,0,-0.374281183327754,0.745289589441422,1,0,49.3215534323144
24964,0,1,1,0,1.74364805259662,-0.925014573596347,0,0,22.5068755196614
24968,0,1,1,1,0.504313456311645,0.786713622226986,1,0,20.1551952618653
24976,1,0,1,0,-0.423796872308471,-0.0777942315550554,1,0,48.8377129328113
24987,1,0,1,0,1.37925050934774,-0.05115282039654,1,0,43.4638939607123
24988,1,0,0,0,0.0117220369777511,-0.253625140645868,1,0,64.4763018545866
25017,1,0,0,0,0.791199571099719,1.00964447425275,1,0,NA
25042,0,1,1,0,0.891137561777137,-0.632223839483026,1,0,52.0895502011637
25043,0,1,0,0,-0.234064342288292,0.581236484805748,0,1,NA
25044,1,0,1,0,1.22842479145195,2.33892487732599,1,0,NA
25050,1,0,1,0,3.21529946603658,1.59700477159465,1,0,66.5056843090827
25053,1,0,1,0,0.375659863233283,-1.66022801062514,0,1,36.695330889354
25059,1,0,1,0,0.647887341806745,1.40716855569787,0,1,45.8390734923688
25060,1,0,0,0,3.01001188010661,0.466491472858473,0,0,45.4851553769228
25065,0,1,0,0,-0.395514757205148,1.09081200361206,1,0,NA
25081,1,0,0,0,-0.340690618464841,-0.142224948984724,1,0,16.7598240135959
25093,1,0,0,0,1.19133289423802,-0.148696709138549,1,0,44.5004219343951
25094,1,0,1,1,-0.00375465614434711,0.253071910640887,0,0,50.5093683437592
25104,1,0,0,0,-0.400171146930108,-0.278814823712693,0,1,NA
25108,0,1,0,0,-0.0531336695270901,0.056684468011878,1,0,30.913053882017
25109,1,0,1,0,1.92498178041386,1.39066816312343,1,1,53.4869593671976
25115,0,1,1,0,1.10372837369312,1.67587291402222,1,0,80.3408028086448
25122,1,0,0,0,-0.433411344314543,-0.979216664502924,1,0,26.6902342133205
25134,1,0,1,0,1.9687202956642,1.1888723023092,1,1,76.1604501565873
25142,1,0,1,0,-0.08087706898565,-0.07695162536932,1,1,35.4608021903538
25155,1,0,0,0,-1.40336091493363,1.60217843935691,0,0,49.8059049247156
25179,1,0,1,1,0.0755975346060023,1.3463415492236,1,0,81.323105159366
25180,0,1,0,0,0.106131044637337,-0.472039259343701,1,0,44.1768748148002
25184,1,0,1,0,0.687044697346666,0.750059669777686,1,1,27.5990092115548
25185,0,1,1,0,1.45975720324946,1.859945975587,1,0,66.8820683639357
25204,0,1,0,0,0.426036752587634,0.0482364106807984,1,0,NA
25233,0,1,1,0,0.687245664829902,-0.259881905274043,1,0,44.2578611603974
25236,1,0,1,0,1.27185587546123,1.49446207865603,1,0,NA
25237,1,0,1,0,-0.570694237617426,-1.48053513417284,1,0,27.1031944355257
25239,0,1,1,1,-0.605601589238397,0.736046593061923,1,0,55.5319522535861
25243,1,0,1,0,1.37819241138585,1.82475409062017,1,0,NA
25245,0,1,1,0,1.38568169781952,-1.04113332541241,1,1,72.2334222281084
25250,1,0,1,0,0.104446808134438,0.543561465115181,1,1,18.7682244914847
25263,1,0,1,0,-0.803609773408327,1.12888729949168,1,0,-2.8492313496091
25266,0,1,1,0,-0.377767485916476,1.30625171542928,1,0,60.5224497493027
25275,1,0,0,0,0.273534038669954,-0.0648568394197814,1,0,40.6826386284229
25276,1,0,0,0,0.508472984981282,-0.814717629507434,0,0,42.5039606419715
25278,1,0,1,0,2.28189579972994,0.277860039647355,1,0,76.269686577059
25292,1,0,1,0,0.530410282063486,-0.064073734938177,1,1,68.7474073329682
25298,1,0,0,1,0.896400919468968,-0.409026086078288,0,0,66.9231239330914
25313,1,0,1,0,0.530749874332415,-2.4196103391326,1,0,57.4958160396476
25314,0,1,1,0,-0.14191066839406,0.107418487073127,1,0,44.4172905576972
25319,1,0,1,0,-0.633122285498671,-0.265385616106368,0,1,NA
25321,0,1,1,0,-0.0368778863225087,0.773290835318835,0,0,NA
25327,1,0,1,0,2.11626646716809,0.115380453753987,0,1,47.6216123271209
25329,1,0,0,0,-0.277825179024957,-0.160182076930475,1,0,37.6837787484785
25335,0,1,0,0,-0.0371870368900078,1.49085774831477,1,0,61.1013066570783
25341,1,0,0,0,3.40279687237696,-0.550132267413928,1,0,40.3639277858201
25342,1,0,1,1,-0.000516066232063572,0.165557192704832,0,0,63.3039537480024
25346,1,0,1,0,0.0995075828371402,0.599385473975774,1,0,NA
25358,1,0,1,0,1.09132672740369,-0.935687121013373,1,0,50.2080906115871
25372,1,0,1,0,-0.942042784393494,-0.411222399348008,1,1,56.8841677751921
25377,1,0,1,0,-0.927921110245236,0.530597384335728,1,1,56.8720471664502
25379,0,1,1,0,0.174211268605288,2.14717072537492,1,0,48.6907059847725
25384,1,0,1,0,1.45550836028941,2.09398511108524,1,1,60.8941155672305
25385,1,0,1,1,1.40972684007451,1.45189269379301,1,0,NA
25390,1,0,1,0,-0.965056332250383,-1.69191519745008,1,1,NA
25394,1,0,0,0,0.226194166247029,0.876674372121976,1,0,41.6745644897462
25395,1,0,0,0,0.424036873979107,2.20104239100367,0,0,NA
25396,1,0,0,0,-0.0987359510192583,-2.2965722245347,0,0,20.1363890799569
25413,1,0,1,0,-0.0800971625875221,0.455275632907493,1,0,3.7349168074834
25429,1,0,1,0,-0.169333227850407,0.183910958859416,1,0,60.9938977537027
25436,1,0,0,0,0.474112924231926,0.848310729029149,0,0,51.697130567687
25445,1,0,0,0,-0.179976805590097,1.56086792750014,1,0,NA
25457,1,0,1,0,-0.673547215603337,0.581832478043156,0,1,NA
25461,0,1,1,0,2.75818371655626,2.67401455088928,1,0,34.0354249052633
25466,1,0,1,0,1.36440236632035,0.567194479562568,1,0,65.3751372781838
25475,1,0,1,0,2.83803649873523,-0.949869797945853,1,0,-9.04444041953343
25479,1,0,1,0,1.46135839830161,1.21952033647984,1,0,47.1266068832977
25494,1,0,0,0,1.62279290948117,1.08690818869631,1,0,33.2586436427138
25500,1,0,1,0,0.245082333235428,0.105004424798561,1,1,35.410945509156
25502,0,1,1,0,0.971563726696264,0.699864296492219,1,1,60.7424427916889
25523,0,1,1,1,1.51611710808153,2.83065661187501,1,0,110.447298594583
25526,1,0,1,0,1.69726354865891,-0.740862330402393,1,0,56.628054465707
25529,1,0,1,0,-0.200180130269068,-0.403566668770708,1,0,NA
25533,1,0,1,0,0.661079922902432,1.08016168701881,0,0,NA
25536,1,0,1,0,0.270623945761401,0.242678036230706,0,1,72.2435237706658
25556,0,1,1,0,0.0538601844020716,-0.204982985783175,0,0,NA
25568,1,0,0,0,0.901786692771984,-0.492782621691758,0,0,NA
25580,0,1,0,0,1.98267194448161,0.865426781727295,1,1,NA
25582,1,0,1,0,0.183130307808573,0.648589836999082,1,0,NA
25587,0,1,0,0,1.67835831255792,0.996371263443803,1,0,NA
25588,1,0,0,1,2.46734909000505,-0.361537087900732,1,0,59.0603945619538
25593,1,0,1,1,0.285710334626552,-0.20986640728198,1,0,20.0160596971872
25594,1,0,0,0,-0.19782106455679,-0.566455383196141,1,1,7.60431209815936
25602,1,0,1,0,0.486633211572086,2.84719339832352,1,1,28.4645411096408
25604,1,0,0,0,0.272208134587241,0.468347969079185,1,0,-0.59176037627175
25606,1,0,1,0,1.53966287693738,0.847457270514,1,0,70.6731147513897
25613,0,1,1,0,1.88515926926501,0.811408619470684,0,0,36.2130000627147
25622,1,0,0,0,1.06532647969335,-0.43171139028429,1,0,NA
25630,1,0,1,0,0.059958983670672,2.95431430904115,0,0,73.5048686251972
25641,1,0,0,0,1.59493821020889,-1.0509083221274,1,0,16.7474667769765
25644,1,0,1,0,1.02863734958751,-0.931846384382578,1,1,33.0400336768719
25647,1,0,0,0,0.913824434587897,0.496416089045094,1,0,26.9069569796062
25653,0,1,1,0,-0.257744464124818,-0.108883948023634,0,0,64.6178601401642
25655,0,1,1,0,0.093776082743786,1.74783641292673,1,0,42.7830015447606
25666,1,0,0,0,0.953704113695357,-0.038820168978848,1,0,33.2609165238232
25674,1,0,0,0,0.175362752448963,1.3853860736682,0,0,NA
25716,1,0,1,0,0.969066571407027,0.646129108494436,1,0,71.4936170069351
25726,1,0,0,0,1.25524359769838,-0.313410503757334,1,0,56.6283444676204
25729,1,0,0,0,2.15286123776377,-1.04581680782799,0,0,47.1227762257134
25739,1,0,0,0,-0.0923246535836184,-0.192746764940288,1,0,21.3478551557477
25749,1,0,0,0,1.40106313873614,-2.13298366545882,1,1,72.101887215686
25755,1,0,0,0,-0.17527147509229,-0.0969724899267793,1,0,45.0533588829893
25759,1,0,1,0,0.960978976152722,-1.18255505075239,1,0,71.7951604379935
25778,1,0,0,0,1.06694683139461,0.435944236284603,0,0,28.0952233448864
25782,1,0,1,0,-1.31469437833965,-0.418950032279708,1,0,NA
25793,1,0,1,0,0.928997261042566,0.286601095999339,1,1,81.3785559880244
25798,1,0,1,1,-1.25863002611589,-0.876712446268099,1,1,55.0224648847134
25800,1,0,1,0,0.806147866064409,0.0371093927721108,1,0,64.2746786589927
25809,1,0,0,0,0.41144401851344,-0.202429945680471,1,0,25.2229586282821
25813,1,0,1,1,-0.953753948242279,0.886319572505393,1,0,31.5823453131629
25822,1,0,1,0,0.729045504790552,0.755006903826983,1,0,NA
25827,1,0,1,0,2.32296716935025,-0.0471580260435784,1,0,43.6390385033887
25832,0,1,1,0,1.07275734052298,-0.0889269509417684,0,0,33.1317350244806
25838,1,0,0,0,0.612977297334466,0.644347089091015,1,1,57.2472778535366
25850,1,0,1,0,0.472768649935185,1.02839201761855,1,1,24.276632761928
25858,1,0,1,0,-0.287212984603114,0.342088699508408,1,0,35.9553520646095
25860,1,0,1,0,1.18785594054905,-0.423980469629789,1,0,69.5713201190247
25861,0,1,1,0,1.83081362115852,2.70865692529513,1,1,66.9215615831186
25904,1,0,1,0,-0.220836257357772,-0.839252798248049,1,1,30.7232099263836
25906,1,0,0,0,-1.02836546820723,-0.147759915388507,0,1,NA
25916,1,0,1,0,2.1076439957987,2.0489030789447,1,0,84.1193471092795
25917,0,1,1,0,1.83350713789448,1.47551267705664,1,0,49.4623949423321
25922,1,0,1,0,-0.0206763835042804,0.0868518855967089,1,1,50.755961129759
25924,1,0,1,0,0.660506028666425,0.620062718684256,1,1,47.1622921663473
25926,1,0,1,0,2.38162848153913,0.435739102383045,0,0,62.9320090438658
25928,1,0,1,0,0.540866043557467,0.0589479898362187,1,0,32.4813519261396
25951,0,1,1,0,0.907042483288829,1.82994604803433,1,0,78.6087270438403
25954,1,0,1,0,0.0378210008691431,0.975148116228934,0,0,35.4149059722365
25956,1,0,1,0,-1.4879437390977,-0.699093897865646,1,0,99.6280294396998
25962,1,0,1,1,0.867296966992388,-0.460784904881899,1,0,55.1810851451479
25965,1,0,1,1,0.732497400788865,0.284743082722458,1,0,65.767575430042
25966,1,0,0,0,-0.156414438464722,-0.284327265216625,0,0,NA
25971,0,1,0,0,1.59929554713647,0.749779586162298,1,0,51.8006600859371
25974,1,0,0,1,0.407458759023553,0.710993376955311,1,0,NA
25979,1,0,1,0,1.36275099005911,-0.383444229818292,1,0,62.8822298727739
25992,1,0,1,0,1.7017465184507,2.10587742984267,0,0,76.4194994543737
25999,1,0,1,0,0.72452677311423,-1.14204873036586,0,0,50.6343857457394
26001,0,1,1,0,1.18646576354081,0.351363106780666,0,0,58.9754315810237
26006,1,0,1,0,1.37603745667711,0.985169656657468,1,0,44.0114187823376
26032,1,0,1,0,1.84840647739692,0.158299018801817,1,0,67.1837979141945
26035,1,0,0,0,0.135142987492582,0.921004426603491,1,0,50.9971468890654
26038,1,0,1,0,-0.376910126193366,0.834277621893302,0,0,32.2918205707374
26048,1,0,0,0,2.02990878397041,1.49473431870935,1,0,NA
26095,1,0,1,0,1.81591051804167,-0.0698291677022219,1,0,56.5539543340084
26101,1,0,1,0,-0.19923706300105,0.702413196899061,1,1,46.3189080848387
26104,1,0,0,0,1.14019593427882,0.52611808570381,1,1,31.7074475603504
26127,1,0,1,0,1.00936138777716,1.77304862360554,1,0,64.6954899823568
26130,1,0,1,0,0.493735464613973,2.19819964580353,0,1,48.9543323861288
26134,1,0,1,0,1.41165857206635,-2.00425840084719,1,1,NA
26140,1,0,1,0,1.34023057832377,1.92117972368794,1,0,62.8526152133258
26148,1,0,1,0,-0.437815352899416,0.256086226845935,1,0,NA
26150,1,0,0,0,1.53394353474342,1.05350727473607,1,1,12.3785224098278
26160,1,0,0,0,0.210824442328089,1.53151186699925,1,0,NA
26164,1,0,1,0,0.519228572135762,-1.3820783457733,1,0,NA
26170,1,0,1,0,0.706862707463305,0.740211197424251,1,0,45.5180270267448
26171,0,1,1,0,-1.6294887818997,0.999293046541173,1,0,NA
26175,0,1,1,0,0.907852599144487,0.534261083705177,1,0,70.7546880598429
26177,1,0,1,0,1.36988620764258,1.20903878924799,1,1,NA
26178,1,0,0,0,-0.281191157144536,1.50631180574762,1,0,65.1873312458141
26182,1,0,1,0,0.91154274149851,-0.700642335720602,0,0,NA
26184,1,0,1,0,1.46259785920059,-0.0033538030160003,1,0,82.4066817255141
26185,1,0,1,0,-1.34544015340911,-0.370523693887691,1,0,24.812792242767
26186,1,0,1,0,-0.197544571700766,-0.475662343787843,1,1,51.8922887690137
26190,1,0,0,0,0.170846244017342,-0.885663406703022,1,0,NA
26198,1,0,1,0,1.32048026100432,-0.481670324498463,1,1,61.5802840180162
26211,0,1,1,0,1.09750813316419,1.84263710915787,0,0,59.5539528381206
26234,1,0,1,0,1.67473243280736,0.293611692857087,1,1,NA
26258,0,1,1,0,1.68342574631152,1.71419212261726,1,0,33.4968698489189
26261,1,0,1,0,0.264522353780239,0.587640638452663,0,0,53.5341970118341
26262,1,0,0,1,0.879360549001769,0.684443683641461,0,0,42.190912271741
26266,1,0,0,1,-1.51332132076063,0.479973755065151,1,1,14.8324680137127
26271,1,0,0,1,-0.486317567841379,1.7603875658006,0,0,NA
26280,1,0,1,1,0.0589420564787714,1.65801303905106,1,1,31.7878668942435
26284,1,0,0,1,1.87487151640686,0.987247980026782,1,0,72.4122759471137
26305,1,0,1,1,1.19574888873195,1.07179834510326,1,0,NA
26307,1,0,1,1,0.685013700471093,1.11122442546163,1,0,NA
26312,1,0,1,0,2.00922183573055,-0.0742843529756214,1,0,45.9696145432117
26330,1,0,0,0,0.45091141622445,0.467527733645262,1,0,14.0374551818251
26358,0,1,1,0,1.96219530910132,-0.16234753563561,1,1,60.0701591918886
26369,1,0,1,0,3.35672283612111,0.324929067888261,0,0,64.4242600949818
26374,1,0,1,0,0.00436174705561745,2.19770133197836,1,0,4.14063087719855
26375,0,1,1,1,0.839418558966027,0.754333163168176,0,0,81.9836019855893
26377,1,0,1,0,0.0209225120942524,1.62501313576911,1,1,58.0348295227744
26393,1,0,1,0,2.18017858965616,1.65795329113161,1,0,67.2543750760753
26396,1,0,1,0,-0.736143022804212,-0.301497276538406,1,0,36.443482459932
26398,1,0,1,0,1.77350700817241,1.34715201831791,1,0,60.8332282701815
26400,0,1,1,1,0.140571815063374,1.75875464882382,1,0,60.5428871542329
26402,1,0,0,0,-1.42692825650106,0.205272722258042,0,1,NA
26410,1,0,1,0,1.12528414705558,0.92032181753343,1,0,22.1000195209546
26417,0,1,1,0,1.5260527615727,1.70831464785471,1,0,95.1866076309168
26419,1,0,1,1,-0.438996296873765,0.780145329208922,1,0,18.8461468573422
26428,0,1,1,0,2.45580909557547,1.03349229996689,1,0,56.8811509030241
26430,1,0,1,0,-0.885378801787702,0.432687818086798,0,0,54.2149216391174
26440,0,1,1,0,2.44758751416991,2.11848571644945,0,0,54.0174444724946
26441,1,0,1,0,0.159061185657084,0.590328670375335,1,0,50.7946623903047
26478,1,0,0,1,-0.270527817054606,-0.223706221631802,1,0,18.9336414500344
26479,1,0,1,0,2.07214404275608,1.7163051798219,1,0,NA
26483,1,0,1,0,1.40662056928429,-0.323229783308673,1,0,36.9587392117904
26488,1,0,1,0,1.54418019642182,0.474045618867572,1,0,45.6302123503885
26502,1,0,1,0,0.643305486756,0.703272782352266,0,0,NA
26504,1,0,1,0,1.14884069855524,2.46241974964443,1,1,69.0397411206368
26513,1,0,1,0,0.681617760758646,3.43869458263383,1,0,57.8174509829168
26517,1,0,0,1,1.54119823383536,0.628534668609128,1,0,12.0586396080983
26528,1,0,1,0,1.32481283918366,2.14149347249117,1,1,73.4888516793576
26531,0,1,1,1,0.0148671560874519,1.74267003729607,1,0,62.4135781291057
26535,1,0,1,0,0.0265757801540119,-0.443374160154976,0,1,63.0279075677975
26541,1,0,0,0,-0.770397784154357,0.313566189886678,1,0,54.4154213412679
26561,1,0,1,0,2.9745457262049,1.46634605805372,1,0,69.4726447919195
26567,1,0,1,0,0.729160675816582,0.636333706890168,1,1,59.2620103505273
26597,1,0,1,0,0.40252369919472,0.805426890911983,1,0,71.3644873219784
26622,0,1,1,0,-0.105636046293425,1.02959674608638,1,1,NA
26640,1,0,0,0,-0.769150227816174,1.0822458469066,1,0,36.9102636607845
26641,1,0,0,0,-0.0781280784170195,-0.0895821638753042,1,0,26.7933721250513
26642,1,0,1,0,1.94026933651297,-0.662545922170622,0,0,NA
26650,1,0,0,0,2.13804243020645,0.20681138285611,1,0,55.3573295273781
26653,1,0,1,0,-1.73121483138915,0.729157572987224,1,0,NA
26660,1,0,0,0,3.06302755874225,-0.12480253214229,1,0,49.7922450059237
26668,1,0,0,0,0.694700952844365,0.546475373747121,1,1,NA
26688,1,0,1,1,-0.688788799498095,-0.81436418202777,1,1,36.9503430452344
26690,0,1,1,0,1.69319683727455,0.640333120675596,1,0,59.7725261757767
26701,1,0,1,0,1.82428104133005,2.07390562900415,0,0,8.1521171840069
26713,0,1,1,0,1.11498785334625,-0.585295777335564,1,0,50.1082934100923
26729,0,1,1,0,0.813842861674155,2.21593313241409,0,1,80.2138758754087
26735,0,1,1,1,0.670624172154805,1.01453064470682,1,0,NA
26743,0,1,1,0,1.4780771660308,-0.193948400557317,1,0,64.5186580539789
26751,1,0,0,0,0.315828212408232,0.0133891839473634,0,1,38.8315366321821
26767,1,0,0,0,-0.472380302350612,-0.523153824102473,1,0,-5.89691245108583
26768,1,0,1,0,0.945698452109345,1.44456808699258,1,0,41.9989772524254
26784,1,0,1,0,3.14837669899566,-0.693010356557177,1,0,56.8947895172244
26791,0,1,0,0,0.600679106928028,-0.402153659390364,1,1,NA
26794,1,0,1,0,1.70490970252992,0.0509495028381376,0,0,62.9901581800141
26801,0,1,1,0,-1.52578351615155,1.94956891247669,1,0,86.345045152549
26812,1,0,1,0,0.220419115148813,1.52032271032198,1,0,62.5493885429783
26814,1,0,0,0,1.87468109951466,1.04608865067737,1,1,NA
26815,1,0,1,0,0.0381492183328014,-1.55499477758391,1,0,78.7081073476961
26817,0,1,1,0,1.08482559674369,1.5516100320517,1,0,53.1305269780418
26835,1,0,0,1,1.82828365150634,0.296047108554035,1,1,44.0908384523302
26839,1,0,0,1,1.87912649876765,2.47421691706203,1,0,NA
26845,1,0,1,0,0.43015133288053,1.30101392770395,1,0,NA
26847,1,0,1,0,2.37629282527726,1.06046408061325,0,0,68.5878564550863
26852,1,0,1,1,-0.756776150687032,-0.88764904665762,1,1,22.7838796908018
26859,0,1,1,0,1.9297633382615,0.646036794941289,1,1,63.8744863323699
26883,0,1,1,0,2.1452033090526,2.10679331953316,1,0,38.3174282758065
26887,1,0,1,0,1.47749225212851,0.0420797014620642,1,1,57.4829203150586
26888,1,0,1,0,-0.0111593900640815,0.173560097716776,1,1,84.4156353665412
26894,1,0,0,0,2.12627731793897,0.901199725596272,1,0,52.647451974084
26897,1,0,0,0,1.16321623915832,0.637349661581917,1,0,19.7462244038657
26898,1,0,1,0,1.39769884127981,2.72946183721243,1,0,36.95293696009
26907,0,1,1,0,0.94245092720013,0.895842462579976,1,0,77.9739670738256
26914,0,1,1,0,1.29691791575634,1.87779630416272,1,0,NA
26916,1,0,0,0,0.615720988256768,0.379593656721104,1,0,47.4743755007819
26921,1,0,1,0,1.52105665729102,0.392837748354669,1,0,45.56766451314
26926,1,0,1,0,-0.133145892424516,1.23615162520144,0,0,NA
26928,1,0,1,0,-0.191215038615639,0.408310622290733,1,0,59.7581075810043
26932,0,1,1,0,0.729667509706109,1.73796717048848,1,0,NA
26944,1,0,1,0,2.41816475489789,0.732444044729172,1,0,50.8914151359333
26947,1,0,0,0,-0.265633880157882,2.01374800575972,1,0,62.5714040515078
26948,0,1,0,1,-0.558720600408963,0.362380970321479,1,0,56.8571363691151
26949,1,0,1,0,1.65360079893266,-0.575701933748941,1,0,46.4150848528197
26953,1,0,0,0,-0.532060489391275,-0.764845426554104,1,1,73.5937855289552
26955,0,1,1,0,0.851780694797567,1.38155264641208,1,0,68.7488721116773
26964,1,0,1,0,1.71100457584025,0.325229023448596,1,0,68.1379845228172
26969,1,0,1,0,3.18883113452506,0.21901833139017,1,1,NA
26972,1,0,0,0,-0.211850321083568,-0.529102297340926,1,1,NA
26977,1,0,0,0,-0.443079948369862,2.70589220528832,1,1,29.6458689765355
26986,1,0,0,0,2.08452146948898,2.19568805058658,1,0,69.4789494082321
26989,0,1,1,0,0.100865504960156,1.77446245596041,1,0,63.0275119207933
26998,1,0,0,0,1.59269405065236,-0.496899887137474,1,0,NA
27009,1,0,1,0,-1.08084695670971,1.11773052269374,1,1,NA
27010,1,0,1,0,0.899149540657293,2.90507890934425,1,0,70.3490652327976
27011,1,0,1,0,-1.87210741772821,-0.0548742425842879,1,1,44.6970934290901
27013,1,0,1,0,0.505231930294786,0.503755925396568,0,1,71.2227489894269
27014,0,1,0,0,2.31766290844925,1.60466313283522,1,0,49.2727508913526
27024,0,1,1,0,0.253102379297727,-1.62520224206283,1,0,NA
27027,0,1,1,0,1.42178088825121,1.70716044304809,1,0,68.739968511859
27028,0,1,1,0,0.878465920881338,1.73248748921526,0,0,74.1764590942349
27048,1,0,1,0,1.47326444835298,1.26674243361413,1,0,69.0041600005874
27057,1,0,0,0,1.8072546369563,0.279699649783635,1,1,38.2320373315902
27069,1,0,1,1,0.0834444214117032,0.933094323135065,1,1,NA
27073,1,0,1,1,-0.266849704627226,1.29409626535198,1,0,56.882726738692
27079,1,0,1,0,-1.1182046438623,0.181475372696587,1,0,NA
27081,0,1,0,0,1.91444537243632,0.417452906424126,1,0,40.5287907439821
27099,1,0,1,0,0.347590247610449,1.55865871203427,0,1,89.752883511085
27101,1,0,1,0,1.93602738130507,1.30607102103583,1,0,22.4003068870001
27106,1,0,0,0,0.061220888377262,-1.17337348684372,1,0,22.0042837974136
27113,1,0,0,0,1.51494975689134,-1.39264640824249,1,0,NA
27117,1,0,1,1,0.956534349849396,0.0224625521166024,1,0,43.4197454147612
27124,0,1,1,0,-0.443496728030765,0.239947066621711,1,0,56.1024180102341
27128,1,0,1,0,0.430634447939067,0.537259491832512,1,0,NA
27134,1,0,1,0,2.47444711265247,1.00745265429508,1,0,83.8675375075652
27137,1,0,0,0,1.3396804325599,-0.0625335104788661,0,0,52.0829950638756
27146,1,0,1,1,0.423380724158088,0.183356659207076,1,0,65.2648402759291
27151,1,0,0,1,-1.29910116793567,0.372222251072514,1,1,NA
27156,1,0,1,0,-1.21353672135552,-1.65694391489175,0,0,13.7816100778607
27166,1,0,0,0,0.120803163174278,0.81400947538937,1,0,36.4167999196848
27178,1,0,0,1,1.77204038244476,-0.408416512887779,0,0,23.9042507530015
27181,1,0,1,0,0.126943478627396,-0.422699849809462,1,0,61.9312687287002
27202,1,0,1,0,1.00982441956622,-0.541564450654392,0,0,6.21365332237818
27203,1,0,0,0,0.440316671140871,1.49352361398786,1,0,NA
27209,1,0,0,0,-0.7661358385763,-0.628805196534924,1,0,20.5667477508801
27223,1,0,1,1,-1.78854072546636,0.97127011822637,0,0,17.7833927638107
27233,1,0,1,0,-0.882049798193913,-0.0695112312271831,0,0,88.1454643316123
27243,1,0,1,0,0.834941746592899,0.569286202159112,0,0,41.5165980890267
27252,1,0,1,1,1.78026755881426,-0.879392623305311,1,0,63.1749464826679
27260,1,0,1,0,-1.39427028217344,1.25646812948255,1,0,35.6446970792636
27262,1,0,1,0,0.6024148985246,-1.65155802402019,1,0,76.7756595967459
27265,1,0,1,0,0.311191404366825,2.10747067109269,1,0,65.2386250650368
27268,1,0,0,0,1.23942486496537,0.448990374547059,1,0,62.3516510820868
27278,1,0,1,0,1.51129734280558,1.24645385264848,0,0,76.304316243987
27282,1,0,1,0,1.03821446313841,1.28196282476852,1,0,NA
27295,1,0,1,0,-1.26846300086151,0.918973966859172,0,0,71.35066446909
27307,1,0,0,0,-0.391343259792898,-1.11823495505041,1,0,NA
27312,1,0,1,0,0.847920455383305,1.71208787572804,1,0,68.8760534631535
27330,1,0,1,0,0.743191106528241,1.35915918269422,1,0,104.459793346501
27336,0,1,1,0,2.58752378060218,0.440280440703543,0,0,65.6513508105277
27358,1,0,0,1,1.14507376890358,1.03171422799669,1,0,29.099768458987
27361,0,1,1,0,-0.479940546624374,0.776865181216704,1,1,70.9977102621191
27363,1,0,0,0,1.81380827309184,2.61892510606292,1,1,25.0686159122881
27377,1,0,1,0,-0.940335558150618,2.86377527700612,0,1,54.0224465769701
27388,1,0,1,0,2.33225551101627,0.768947565549996,1,0,71.7139505953737
27389,1,0,1,0,1.10128022116463,0.816969620645805,1,0,37.563122854631
27404,0,1,1,0,-1.39191424599868,1.42403642212239,1,0,52.970782374969
27407,1,0,0,0,-2.45942292746367,-0.601831473012427,0,0,15.724523972512
27408,1,0,1,0,0.33848920778426,4.04880169419849,0,0,45.9184841464407
27419,1,0,0,0,-2.20914067292093,1.90850985210306,0,1,30.9257803982627
27420,1,0,1,0,2.13747886465071,1.4342369742386,1,0,44.7886799450744
27427,0,1,1,0,0.246858032083945,2.01797924606328,1,1,NA
27433,0,1,0,0,0.996829835758703,0.0803069551313182,1,1,56.3440900653469
27436,1,0,1,0,0.640316215663055,2.50427514105201,1,0,64.8888261711309
27440,1,0,1,1,1.25050719612805,1.26888709985023,0,0,NA
27443,1,0,1,1,-0.927961226793166,0.402987923528695,1,1,72.2320298195241
27451,0,1,0,0,-0.432980856737485,0.975367882490711,1,1,22.122401122169
27468,1,0,0,0,-1.04510475663329,-0.969816106172741,1,0,41.416889308231
27472,0,1,1,0,-0.523476311503658,0.760915422207298,1,0,69.7592787784195
27476,1,0,1,0,0.77048398956974,0.586836476294436,1,0,NA
27481,1,0,1,0,0.978540626763408,0.0351097212974381,1,0,58.7264296185199
27483,1,0,1,0,1.24241892084895,2.2036108816439,0,0,55.7012324231975
27492,1,0,1,0,-0.354198784926306,-0.483787488422406,0,0,42.9385446289716
27505,1,0,0,1,1.07149626818799,1.48165336552986,1,0,56.0627811245947
27513,1,0,1,0,2.48450625496146,0.668571325716566,1,0,73.8166208924374
27516,1,0,1,0,3.32507561972669,0.991429826227973,1,0,NA
27521,1,0,0,0,1.30513222055364,0.752174480454535,1,1,33.1707029588786
27524,1,0,0,0,0.311989838861284,1.23722809044451,0,1,24.4192481729434
27525,1,0,1,0,3.12033696314091,0.773043344703536,0,0,54.0938272996804
27527,1,0,0,1,0.495102072197144,-0.57363784954442,0,0,NA
27531,1,0,1,0,0.256362034162843,0.252648749798788,1,0,100.468678486497
27538,0,1,1,0,1.7913941895577,2.98837710295231,1,1,48.8603281763598
27540,0,1,1,0,1.79669606241888,-0.380173038610272,1,0,70.5992782962812
27547,0,1,1,0,0.211912402645888,-0.154039843875932,1,1,NA
27548,1,0,0,0,-1.58120030491826,0.981662690517713,1,0,-11.2224174392637
27551,1,0,1,0,0.383139212191371,1.22201189115373,1,0,39.5233491678973
27557,1,0,1,0,0.218247644927521,1.16692353816773,1,0,NA
27571,1,0,1,0,0.720547191148397,0.410569833477737,0,1,66.8487278551722
27574,1,0,1,0,0.937720103496594,0.66701702894849,1,0,60.6230073548833
27582,1,0,1,0,0.639323945590939,0.634828588567972,0,0,45.4751751670686
27583,1,0,0,0,-0.104470700690702,-1.55733914200673,0,0,NA
27587,1,0,0,0,1.70632898630251,1.65190470279575,1,0,15.6208759642306
27596,1,0,1,0,-1.71996161987979,0.230961048902011,1,0,67.3411813232164
27598,1,0,0,0,0.287282089470535,0.789531032438624,0,0,63.1641460356988
27602,0,1,1,0,2.42313490670384,2.04168905720356,1,0,86.1377584334571
27616,1,0,0,0,2.29846180581336,2.03540468825582,1,0,NA
27620,1,0,0,0,0.259022168803733,-0.773417860000863,1,0,57.7770861920338
27623,0,1,1,0,1.65083713023858,0.102130150406523,1,0,36.3547615901106
27632,0,1,1,0,2.53235466381925,2.32041905264913,1,0,102.476052680943
27640,0,1,1,0,0.516800158747398,1.46704101957433,0,0,84.6783218836956
27645,0,1,1,0,-0.139395004496792,1.37872630091283,1,0,27.2801689999009
27649,1,0,0,0,0.371210999615426,0.798073640562021,0,0,6.77194667161514
27650,1,0,0,1,-0.717278359181289,-0.498528228988079,1,0,41.1991828987841
27653,1,0,0,0,-0.867175250262258,-0.307416389557149,1,1,37.2089063103976
27668,0,1,1,0,0.422560780522227,0.864097267697624,1,1,54.4000094352688
27682,0,1,0,0,-1.27437160524032,1.37837892345579,1,1,36.8760977136946
27694,1,0,0,0,0.421924065892574,-0.262762864544807,1,0,34.5383672739994
27698,1,0,1,0,-1.31387706000551,1.49304821615374,1,0,79.5967906509353
27700,1,0,1,0,1.2312993320002,-0.253517151449821,1,1,68.6128725271378
27705,1,0,1,0,0.85857136247958,2.5986081040058,1,1,82.8322194286932
27707,0,1,1,0,1.4596623231894,-0.0855297163107358,1,0,50.7833477916193
27708,1,0,0,0,-0.610630881885889,0.439595262199095,1,1,-4.34768263215155
27711,0,1,1,0,1.9727916281577,-0.19917338910918,1,1,65.1750895055619
27714,1,0,1,0,0.25587713739249,-0.070545196338579,1,1,NA
27715,0,1,1,0,2.08937500201362,2.60516904928389,1,0,82.1186043600557
27718,1,0,1,0,0.631403515373461,0.941237388148904,1,0,77.3018006211104
27722,1,0,1,0,-0.0354882730105437,-0.207435659952909,1,1,41.5913474864417
27723,1,0,0,0,1.1033931121037,-2.12652036333608,1,0,88.7903818991963
27737,1,0,1,0,1.32711587322522,1.46482398869968,0,0,64.7783651752705
27738,0,1,1,0,2.6323857132077,1.3021026851432,0,1,59.9808301130291
27752,1,0,0,0,-0.646684751077531,-0.361382099746874,0,0,37.3560743273506
27756,1,0,1,0,0.81395740969374,-0.492876036448116,1,0,52.5732973236
27762,1,0,0,0,0.0572242629677066,-1.61731493751679,1,0,29.4979523468161
27785,1,0,1,0,0.222773871301537,0.514638549771938,1,0,13.4113809022539
27790,1,0,0,0,0.649399732812441,-0.0895054269770896,1,0,NA
27797,0,1,1,0,1.62434207254444,1.21674416442403,1,0,71.307946597688
27803,1,0,1,0,3.65079784977025,1.45618252249934,1,1,62.0820349191736
27826,1,0,1,0,1.92226853469433,1.14180577484141,1,1,22.031198970723
27846,1,0,1,0,0.533732055557255,0.95191100204525,0,0,63.5355191811603
27850,1,0,1,0,0.710608165757673,0.509732462768359,1,0,64.588259474412
27855,1,0,1,0,1.2637208496467,0.940716635266271,1,0,57.1042026153975
27859,1,0,1,0,1.57326787177806,3.12040741699778,1,0,31.48730128866
27862,1,0,0,0,1.56309033720356,0.625802903552613,1,0,70.0967962544386
27867,1,0,0,0,-0.427161433854422,0.370303382723585,1,0,NA
27872,0,1,0,0,2.15963013972114,0.883058945248804,1,0,60.8815690290752
27874,1,0,1,0,-0.194823415309359,0.0772363231341537,1,0,37.0996167695138
27875,1,0,1,0,-0.174331184131153,1.04670260140186,1,0,53.4618913511162
27892,1,0,1,1,0.78677555150333,0.181482429851173,1,0,36.016898738149
27894,0,1,0,0,1.58593107700814,-1.35399568958657,0,0,23.2480976862261
27895,1,0,1,1,-0.437177441779249,-0.229919039832075,1,0,59.6468988925454
27907,1,0,0,1,0.836534327317897,-0.743956248583504,1,0,46.7826186067427
27908,0,1,1,0,0.948458236915699,0.476592043084288,1,0,59.1277718001823
27910,1,0,1,0,0.677094881342579,-0.448419471548903,1,0,59.2154890629219
27925,0,1,0,1,1.38238238436071,1.20236727224132,1,0,54.4009194469305
27941,1,0,1,1,0.34666708990067,0.819122659784641,1,0,38.3469429908608
27943,0,1,0,0,-0.0522216209401005,-0.0162906294804059,1,0,13.3032200263411
27952,1,0,1,0,1.77766403379161,0.695441822675043,1,0,53.8014545860641
27961,0,1,0,0,1.22726841485965,-0.716923518098374,1,1,57.4251323825025
27966,1,0,1,0,1.67948734656621,1.04761002665044,1,0,61.4785122320991
27971,1,0,1,0,0.878554430951226,1.4021763163167,0,1,52.4043256360408
27974,1,0,1,0,0.73419097489407,-0.043305271552891,1,0,44.6341360721192
27976,1,0,0,0,-0.701874893694314,0.298665690809166,1,0,82.2012030471357
27978,1,0,1,0,0.997301493018793,-1.00376738295638,1,0,81.7150680061862
27980,1,0,0,0,1.18677519023075,0.623578299181927,1,0,29.7160356756464
27982,0,1,0,0,-0.308767855228941,-0.374196147993144,1,0,41.7617718705002
28026,1,0,0,0,0.755618331618762,2.21365977093123,0,0,35.2732149817979
28059,1,0,1,0,1.47920664838432,-0.0033624397246238,1,0,32.1535448395398
28061,1,0,1,0,1.29832749158845,2.27696511094977,1,0,56.7118359846421
28077,1,0,1,0,1.37747472023138,0.250290419651336,1,0,18.9493644391532
28084,1,0,1,0,2.36845823927375,1.96428154222739,0,0,NA
28085,1,0,1,0,-0.247803982186605,-0.556887893824619,1,1,53.0901627330533
28086,1,0,1,0,-1.64308990624949,0.852053918589591,0,0,NA
28091,1,0,1,0,-1.29718090673783,-1.39541590073485,1,0,44.5086324652766
28099,1,0,1,0,-0.559317692700751,-0.085573598539344,0,0,33.9027765589854
28108,1,0,1,0,-0.176015983097678,1.09678833697843,1,0,NA
28109,1,0,1,0,0.893604328070131,0.5199728822288,1,1,52.1862889220019
28117,1,0,1,0,-0.530771830408658,-0.176054801603465,1,0,NA
28129,1,0,1,0,-0.435703343353911,-0.292884433272497,1,0,19.1707011088961
28133,1,0,1,0,0.960211370264346,1.01480467144904,1,1,NA
28135,1,0,1,0,2.16151671869105,1.31007057285695,1,0,26.0564307203124
28142,1,0,1,0,0.653509762916363,0.57721063030341,1,1,24.7495392557633
28151,0,1,1,0,0.516269410094664,2.51091886539307,1,0,56.3029970044301
28162,1,0,1,0,1.43561578398158,3.54541829532812,1,1,43.690336061455
28168,1,0,1,0,2.01669039318864,1.23156808720002,1,0,54.9472443702628
28184,1,0,1,0,0.670068716120136,1.44092771808135,1,0,NA
28189,1,0,0,0,0.137942796587609,-0.473568313712058,1,0,NA
28190,1,0,1,0,1.53334990606761,2.33714090402854,1,0,36.7188504975463
28192,1,0,1,0,1.46191041542145,1.33544561028512,1,0,60.6885178566811
28193,0,1,1,0,0.00860100638360128,0.23460826127634,1,0,68.2748036188533
28202,1,0,0,0,-2.25537539817571,1.24789131731032,1,0,NA
28207,0,1,1,0,1.00494603703845,1.06219514647137,0,0,31.111667005607
28218,1,0,1,0,-0.591195736185964,-1.03191866938749,1,0,47.428714306359
28221,1,0,1,0,-1.4276017737856,0.190034841934295,1,0,40.0917371199933
28222,1,0,0,0,0.0802252748311542,1.1462873866128,1,0,42.8314667603473
28226,1,0,0,0,-0.207888290456822,2.02032340722237,1,0,18.0218920294657
28227,1,0,1,0,0.415011788333535,0.078070387987608,1,0,NA
28235,0,1,1,0,-0.26589134537873,0.48483068391043,0,0,48.9489283318016
28236,1,0,1,0,0.283437191478739,0.997015136578674,1,0,63.5706017019499
28240,0,1,1,0,1.09576737966641,0.619328113767816,1,0,56.7139148575056
28248,1,0,1,0,-0.680324523846769,1.41980552658826,0,1,NA
28252,1,0,1,0,0.435898522252163,1.32880850580171,0,0,26.4527749020973
28260,1,0,1,1,-0.0704842108582306,-0.525827740415433,0,0,43.9545493423226
28267,1,0,1,1,1.55273580730345,1.15778942510139,1,0,82.9002154842617
28279,0,1,1,0,1.47954610807986,1.10851056596617,1,0,NA
28289,1,0,1,0,0.329518962691531,0.891474182372256,0,0,NA
28298,1,0,1,0,0.654045006157214,-0.243453752002488,0,1,37.4070258163702
28307,1,0,1,0,1.83310147183462,-0.154723357507413,1,1,42.4519699379254
28317,1,0,1,0,2.23962725246033,1.88521053728965,1,0,19.1495324693028
28318,1,0,1,0,1.31394279908398,1.4083156500652,1,1,54.4012347703197
28332,1,0,0,0,1.16872774835298,1.04626780346677,1,0,63.4674233995867
28341,1,0,1,0,-0.910414059656013,0.420121446009947,0,0,NA
28342,1,0,0,0,-0.224036759646736,0.979204161560057,0,0,52.6576345877351
28355,1,0,1,0,2.10868945403132,2.34503813526306,1,0,62.8550609792871
28356,1,0,1,0,1.02011799732084,0.00777129893494655,0,1,NA
28359,1,0,0,0,1.64351680979308,1.54751676348505,0,0,NA
28362,1,0,1,0,0.784257019790607,1.18259441773408,1,0,NA
28364,1,0,1,1,-0.834555766178285,0.0582626111664418,0,0,40.1491918131095
28366,0,1,1,0,1.72785826472494,-1.9113372994141,1,0,35.9493984711266
28377,1,0,1,0,1.09752352030539,-0.244953493168305,0,0,23.1042048265117
28380,1,0,1,0,2.28516639445851,-0.54724764865976,1,0,NA
28389,1,0,0,0,0.290232999978657,1.35517449333594,1,0,73.5762693574435
28418,1,0,1,0,-0.347810727084308,2.40756372444003,1,0,NA
28419,0,1,0,0,1.39886000811476,1.25616517087162,0,0,NA
28420,0,1,1,0,2.28830527665361,-1.70618351763403,1,0,88.8781046063785
28427,0,1,1,0,0.803131020379952,1.56773398715539,1,0,71.6127563990525
28431,0,1,1,0,0.221772059030572,0.501317461081779,1,0,43.8511717580968
28444,1,0,1,0,2.57618406975543,1.41810098786245,0,0,50.8234877612954
28448,1,0,0,0,0.84608792330339,1.27371975222388,1,0,45.6357712183582
28451,1,0,1,0,2.87733019172375,0.994085060581858,1,0,40.3811285845504
28476,1,0,1,0,0.460910771807622,1.5079136614879,0,1,53.3650609961997
28477,1,0,1,0,0.931068901558577,1.9030079803502,1,0,65.5228586692377
28492,1,0,1,0,-0.847136071084207,1.63535742550198,1,0,25.5643580187696
28496,1,0,1,1,2.51313262017678,0.895955245361276,1,0,70.2475723784508
28498,1,0,1,1,0.617351254275678,1.09461231520274,1,0,74.6096473118255
28501,1,0,1,0,0.993790025427381,0.0473980682231309,1,0,23.3859878225901
28502,1,0,0,0,0.542174634014869,-0.720649678450974,1,0,22.0212474380645
28508,1,0,0,0,0.202369335643418,-0.176694040654585,1,0,50.9146621070006
28521,0,1,1,0,0.450711449931135,1.04707154031852,0,0,45.0854957391463
28523,0,1,1,1,0.764938792431287,0.172470920478518,0,0,41.2333244908343
28556,0,1,0,0,-0.292079302516487,1.34263162899223,1,1,37.4461437704484
28558,1,0,0,0,2.24913081673395,0.0583542600047671,1,0,35.8869647965067
28568,1,0,0,0,0.681849047976187,1.13643510426186,1,1,58.1272054401259
28573,1,0,1,0,1.9836721541894,1.37107194493985,0,0,60.337980386662
28577,1,0,1,1,0.571746665830787,0.41221614685882,1,1,62.734554261281
28579,1,0,1,0,-0.0849027106886572,1.19660912652032,1,1,NA
28585,1,0,0,0,1.10875457475512,2.03762530503853,1,1,NA
28588,1,0,1,1,1.14640773553184,0.468653444564977,1,0,39.5813739130258
28600,0,1,1,0,0.356552023263015,-1.58839835962016,0,0,69.4718298861338
28608,0,1,1,0,3.33526887821494,0.430541152530139,1,0,47.5824825248858
28611,1,0,1,0,0.896404859535707,-0.552670194567058,1,0,NA
28612,1,0,1,0,-1.08399675894467,0.142577464739056,1,0,67.7344986303109
28616,1,0,0,0,-0.0865630253545017,1.27006498149112,1,0,NA
28625,1,0,0,0,0.705035026221473,0.431032995958303,1,0,NA
28640,0,1,1,0,-0.252436578545885,2.53234653392464,1,0,110.815718232234
28642,0,1,1,0,-0.479528311965489,0.00468059600352799,1,0,36.4207524145565
28643,1,0,1,0,0.88961924205406,1.4543090711999,1,1,22.6165419346958
28646,1,0,1,0,1.46329583780051,-0.337341318618025,0,1,31.5305485922156
28650,1,0,1,0,-0.968496512733083,-0.502312180851387,1,0,NA
28651,0,1,1,0,1.22504190133423,0.559008214342793,0,0,NA
28670,1,0,1,0,-0.195198036139269,-0.654021513481498,1,1,46.2205034540985
28674,1,0,1,0,1.34678184331739,1.6385366010374,1,0,82.8258757047523
28689,1,0,1,0,1.64001853438986,1.8908671933086,1,0,44.4823167387084
28690,0,1,1,0,0.548049772601636,3.01775816249393,0,0,59.1309187072418
28696,1,0,1,1,0.282244354171318,0.518030472622963,1,0,57.8778562244552
28701,0,1,1,0,1.27531625504232,0.672039198595592,1,0,59.0747045113228
28720,1,0,1,1,-0.30564372093615,-1.109866132758,1,0,74.8723194978271
28721,1,0,1,0,0.148155889485082,3.62440107489783,1,0,55.5262135257833
28725,1,0,1,0,2.8262213520219,3.4553371454482,1,1,39.1574267148809
28730,1,0,1,0,-0.87653623635041,1.01543378673133,1,0,NA
28740,1,0,0,0,0.323464167061762,0.351402450912237,0,0,58.4965914378521
28745,0,1,1,0,0.0617757418773988,0.527862409221763,1,0,NA
28756,1,0,0,0,1.33893463841141,2.50692908957255,1,1,NA
28773,1,0,1,0,1.82151978499523,-0.0154439661518557,1,0,NA
28782,1,0,0,0,-0.262678335866083,0.629403056491713,1,0,67.2464559183745
28783,0,1,1,0,1.04801599991548,1.41144554469183,1,0,88.5331640213747
28788,1,0,1,0,-0.0424093437176529,-0.221653328955224,1,0,NA
28790,1,0,0,0,0.486310185778636,1.94443335959975,1,0,30.427090458681
28812,1,0,1,0,-1.02835474647957,1.60964736208746,1,0,NA
28815,1,0,0,0,3.18045806742341,0.193614035746076,0,0,49.8978068385163
28837,1,0,1,1,-1.45261407980087,0.963545910848236,1,0,28.1026589400844
28839,1,0,0,1,1.15471093498169,-0.185543655980459,1,0,NA
28857,1,0,1,0,0.945565195036181,-0.0328237170876818,1,0,66.9767539907377
28861,1,0,0,0,-0.474283178660289,1.16452511154604,0,0,26.4804676561513
28863,1,0,0,0,-0.128348708797359,-0.295750618829408,1,0,13.0826816766412
28872,1,0,1,0,0.177575640928751,-1.50601756025216,0,0,61.4235642992963
28874,1,0,1,0,0.48150676647185,-0.639371303032821,1,0,NA
28875,1,0,1,0,1.57634406091451,-0.280534152747811,1,0,NA
28888,1,0,1,0,-0.315098951340553,0.686721560215856,1,0,53.9480472352162
28893,0,1,1,0,0.993328998133074,-0.855132470047687,0,0,73.1077113859171
28897,1,0,1,0,-0.220067912272477,0.109854954015153,1,1,NA
28900,1,0,1,0,3.21378550105908,2.54605713466852,1,0,81.2612682912864
28907,1,0,1,0,1.00036477706255,-0.389345756313701,0,1,NA
28908,1,0,1,1,1.37369441433039,0.338219964142349,1,0,43.6316804336113
28916,1,0,1,0,3.02848849553002,1.52735648121457,1,1,34.5948289481792
28917,1,0,0,0,0.443371824106683,0.598210094218583,1,0,60.1297597175663
28918,0,1,1,0,1.36426321563633,1.92804192777338,1,0,57.4226945202637
28928,1,0,1,0,0.332705558404909,-0.115238627737085,1,0,20.8926999256342
28930,0,1,0,0,0.608742505401061,0.0320960554478852,1,0,40.127603831767
28933,1,0,1,0,0.36178974843907,0.899705771993889,0,0,73.1143471604607
28944,1,0,1,0,2.18003688528384,0.0808296759420974,1,1,27.5240770268024
28945,1,0,0,0,-1.01854767187402,-1.73657273801919,1,1,NA
28947,1,0,1,0,-0.633999068907499,-1.42838392410578,1,0,NA
28959,0,1,1,0,0.446595383126356,-0.328767479304053,1,0,60.7068515161923
28967,1,0,1,0,2.21044271971879,1.26932486415126,1,1,68.6818973694412
28970,1,0,1,0,-0.533181074808325,1.90125335564515,1,0,55.3390769194319
28974,1,0,0,0,0.678445444594519,1.24036819102301,1,0,21.7301636036704
28982,1,0,1,0,0.295095872555709,-0.88466035721275,1,0,-5.53799625933062
28994,0,1,0,0,1.06485767937738,0.894706713220578,0,1,19.1207298235593
29003,1,0,1,0,2.37839472450462,0.501088842730848,1,0,38.3027352495244
29020,1,0,0,0,1.22683017791224,-0.540397513212122,0,0,32.2811087146243
29046,1,0,0,0,-0.0843884672278996,0.553870366096923,1,0,72.8063589519492
29056,1,0,0,0,-1.09914567793227,0.790514158809339,1,0,43.7998582373161
29062,1,0,0,0,0.717704851789297,1.10296696118833,1,0,31.5860789297021
29071,0,1,1,0,1.0837742573463,0.35799455414241,1,0,56.4806312776344
29079,1,0,1,1,1.93891711310974,-0.425286451404515,1,0,47.82736600701
29085,1,0,1,0,-0.307719507655845,2.20597468296764,1,1,58.8732290646272
29089,1,0,0,0,-0.726108443231852,-1.19699713186493,1,0,56.277260631471
29100,1,0,1,0,0.0656015754687265,-0.907146107904876,1,0,16.4997487296491
29106,1,0,1,1,1.94356548294195,1.37760277894603,1,0,79.1109829982292
29109,1,0,0,0,-0.663721285135043,1.17222747168262,1,0,75.8951385202355
29144,1,0,1,0,0.255089939604822,0.273681476328086,0,1,38.3407301785359
29151,1,0,1,0,-0.237313595714544,1.48053527226407,1,0,32.0377632191883
29155,1,0,1,0,0.757321139328976,0.625544654921959,1,0,NA
29158,1,0,1,0,-0.303815924659232,1.02706633921526,1,0,NA
29173,1,0,1,0,-0.988438568367702,0.364686884145659,1,0,78.3239732243016
29175,1,0,1,0,-0.226870779952531,0.916181548379533,1,0,49.0162191958703
29181,1,0,1,0,1.06837159811538,-1.39144746008275,1,0,21.8364558951675
29184,1,0,0,0,0.0213994870408958,-0.48119391355525,0,0,10.0204355132398
29191,1,0,1,0,1.28090837816815,0.438036549882458,1,1,41.5205736926509
29194,1,0,0,0,1.10198856580608,-0.857048176121014,1,1,42.9779473386529
29218,1,0,0,0,0.0609506482386379,-1.43363591880937,1,0,13.1131824469466
29234,1,0,1,0,3.38333295654207,0.398749797629852,1,0,NA
29236,1,0,1,0,0.637509140911331,-0.856049268769309,1,0,71.4496532210284
29248,1,0,1,0,1.85100255124593,0.719046212755277,0,0,NA
29249,1,0,1,0,0.652811998944405,1.34566859408494,1,0,NA
29254,0,1,1,0,3.07006061002379,0.691802851284335,1,0,81.9039441519933
29256,1,0,1,0,1.27463839313814,-1.11369292947208,1,0,56.3028988147255
29265,1,0,1,0,-1.03595863623459,1.58370343510814,0,1,NA
29276,0,1,1,0,0.246087880204041,1.55086576361542,1,0,46.1122358350834
29278,0,1,1,0,-2.37370580025218,-0.234448730407746,1,1,NA
29280,1,0,1,0,0.0172844641833647,0.964257227458971,1,0,78.3796937187032
29285,1,0,1,0,2.98065881947931,2.00051595116489,1,0,41.6687581251928
29288,1,0,1,0,0.187800433103958,0.938993141517311,1,0,65.3595826549512
29290,0,1,0,0,0.552719768941418,0.644898876918758,1,0,53.7740342578443
29305,1,0,1,0,1.11252515813776,-0.0538189149069033,1,0,49.8754087067769
29312,1,0,1,0,1.1778869344868,1.67367302519364,1,0,60.088065463673
29324,1,0,1,0,0.91118195956334,1.2795418794428,1,0,36.1990073984246
29333,1,0,1,0,1.8550024212591,1.03806880273415,1,0,51.2040027417538
29336,1,0,1,0,0.338884936895762,1.08179048892724,1,0,NA
29337,1,0,1,0,-0.730108203362543,1.65096568289898,1,0,NA
29340,1,0,1,0,1.05713018323364,2.71783477872565,0,0,55.8018860821006
29344,1,0,1,0,0.306716102853711,1.91250929144592,1,0,8.10618933466282
29358,0,1,0,1,2.27160527981299,1.0407304134446,1,0,91.7482299710739
29360,1,0,1,0,1.41311638352054,0.813348240991685,1,0,53.602366619591
29378,1,0,1,1,0.626432627503074,0.67079101140025,1,0,67.043501656071
29389,0,1,0,0,0.911755561346179,1.25328849844452,1,1,43.4563086845292
29403,1,0,1,0,1.04528716677077,0.152556400969537,1,1,NA
29404,0,1,1,0,2.86465745986436,0.863737401236608,1,0,106.899551347735
29409,1,0,0,0,0.120646439831572,-0.838309302352074,1,0,34.4217786835882
29410,0,1,0,0,1.31821508187977,-0.897997552570285,0,0,32.5902056721519
29411,0,1,1,0,0.371461650828212,3.99115087118002,1,0,NA
29414,1,0,1,0,-0.839724778233885,-0.0268017643686524,0,0,NA
29424,0,1,1,0,-0.202860374402603,-0.245678349478325,1,0,NA
29428,1,0,1,1,1.71458268459411,0.715955079074834,1,0,109.248442702689
29429,1,0,0,0,-0.715533225596213,-0.828715546299189,1,0,NA
29439,1,0,1,0,0.871903738803055,-0.230206706059971,1,1,67.9557915638815
29449,1,0,1,0,1.28242178091695,0.831486546461806,0,0,30.0945975825642
29459,0,1,1,0,-1.73205767852524,-0.8991678045891,1,0,NA
29472,1,0,1,0,0.940477364425165,0.81768435443986,1,0,59.5059083728444
29475,1,0,1,0,2.13870345527116,0.626558615222979,0,0,50.1893714535148
29478,1,0,1,0,2.08581847102481,2.78572952655929,1,0,95.9508855559477
29488,1,0,0,0,0.231248980128232,0.531000177420229,0,0,39.8370319006147
29499,1,0,1,0,0.980068795833651,1.17951380268796,1,1,NA
29501,1,0,1,0,-0.120665213003898,0.41288748414854,1,0,61.3900218286753
29505,1,0,0,0,1.47146604225463,-2.30054470024745,1,0,NA
29509,1,0,0,0,0.855378703302111,0.893432492888508,1,0,NA
29511,1,0,1,0,0.150070506668209,0.502841263687041,1,0,26.0704541191361
29515,1,0,1,0,2.69635577119117,0.621786146287437,1,0,36.0402473534353
29530,0,1,1,0,1.02136273386696,1.06166171185471,0,0,76.2139877822093
29532,1,0,1,0,0.0707011097277083,-0.100672218108348,1,1,29.4761877091115
29541,1,0,0,0,1.26039736959784,-0.357358538395587,1,0,NA
29543,1,0,1,0,1.42322243095752,-0.942380755745788,1,0,85.7649044429517
29544,1,0,1,0,0.912197902856319,2.55675460071848,1,0,55.6682274088436
29554,1,0,1,0,1.36866096713619,-0.613920926298876,0,0,70.2363864432678
29556,0,1,0,0,0.655423199701413,-0.301987475934067,0,0,63.5844740123842
29569,1,0,0,0,-0.19887379605338,0.372636327635445,0,1,41.3663870794091
29587,1,0,0,0,0.573710480104652,0.492908296512409,1,0,NA
29601,0,1,1,0,0.360112895120072,0.529801520063457,1,1,NA
29610,1,0,0,0,1.70711710680391,2.39139779585541,1,0,45.1858561401671
29630,1,0,0,0,0.433173821904688,0.706648326159368,1,0,12.619549637688
29636,0,1,1,0,2.21548829223837,0.35586882454594,1,0,12.8791870364014
29644,0,1,1,0,1.60263881203537,2.20909185415495,1,0,15.3037118888528
29647,1,0,0,0,1.08452705780416,0.346277304753558,1,0,38.6594568693893
29652,1,0,1,0,0.962668427166308,-0.00751595355453816,1,0,61.2268393396543
29657,0,1,1,0,-0.79249158333822,2.66523792646837,1,0,52.1271280167185
29660,1,0,0,0,0.285211434145166,0.434024359118525,1,0,64.2914015185216
29665,1,0,1,0,1.50544865731512,1.2863294956133,1,0,35.2568297572218
29669,1,0,1,0,1.75898199068188,0.706305727790519,1,0,49.5627304164392
29675,1,0,1,0,0.864868167728353,0.714461850132679,1,0,NA
29677,0,1,1,0,1.73721382014547,0.19543631852348,1,1,36.3432303499303
29679,1,0,1,1,-0.460747616416568,0.922246420634492,1,0,9.34240858018302
29683,0,1,0,0,-2.13397407834204,0.482375170713652,1,0,NA
29695,0,1,1,1,1.51034749025436,0.939008937773891,1,1,92.1766542129489
29700,1,0,0,0,-0.494676531592054,1.04262122940608,1,0,40.9480583826109
29705,1,0,0,0,3.66995676668496,3.74805339193294,1,0,NA
29710,1,0,0,1,-0.297260163133034,1.74010477437329,1,0,50.6055259921838
29711,1,0,0,0,0.403392601382987,2.70751645958503,0,0,NA
29712,1,0,1,0,0.0697156406403504,-0.376012774402203,1,0,60.5634793184854
29714,1,0,0,0,-0.31246104210729,1.74636986479298,0,0,35.3312323625566
29721,1,0,1,0,1.80070456826051,0.705137738873065,1,0,39.1637391685824
29733,1,0,1,0,0.978959581013439,1.26730738231429,0,0,7.2536668796355
29738,0,1,1,0,0.0240637502757453,3.01043691676263,1,1,NA
29753,0,1,0,0,0.802350356008432,1.18485886293983,1,1,NA
29756,1,0,1,0,0.0744851094042378,1.00166743824596,1,0,75.8422798643192
29767,1,0,0,0,1.87186894028855,0.201979578655127,1,0,NA
29777,1,0,1,0,-0.516659233065112,0.072850856159972,1,0,NA
29781,1,0,1,0,3.57050154881992,1.70899696727728,1,0,89.0504057493775
29784,1,0,0,0,0.697396735726907,0.584099330893146,1,0,48.35287807867
29799,1,0,0,1,0.516559705129167,-0.856928012975926,1,0,24.8080221118571
29800,1,0,1,0,1.3611433378607,-0.708838735704217,1,0,NA
29806,1,0,1,0,-0.564996617461552,-1.29287776623602,1,1,NA
29810,1,0,1,0,-0.217956393132517,-0.412671265618106,1,0,87.4759304484721
29832,0,1,1,0,-0.497611003105092,0.164925790511989,1,0,NA
29837,1,0,1,1,2.17669337717133,0.785827886233412,1,0,60.4983169493849
29861,0,1,0,0,-0.863999276045068,1.2638107225173,1,1,NA
29862,1,0,1,1,1.16928942032433,-1.1861149021739,1,1,12.2637926208796
29866,1,0,1,0,-0.866536986251663,1.15737328474289,1,0,33.9693157270338
29867,1,0,1,0,1.84302601851527,1.92893959774832,1,0,84.6133954565284
29887,1,0,1,0,2.18576619154653,1.34961284699154,1,0,49.6509042857198
29890,1,0,1,0,-0.377689673579465,-1.05212327020677,0,0,17.1100642710786
29916,0,1,1,0,1.22827966681278,3.17230416836171,1,0,112.595868232647
29919,0,1,0,0,1.74401108942627,0.942518705346214,1,1,83.8261163033473
29923,0,1,1,0,1.33942290526363,0.625245899177317,1,1,36.6082852025917
29927,1,0,0,0,1.9935678273391,0.311720632895019,1,1,46.9163988822361
29930,1,0,1,0,0.168056174380031,2.37829817200078,1,0,88.0414852900624
29934,1,0,1,0,-0.314712112356599,0.0266608697437509,0,0,60.8274167533796
29935,0,1,1,0,0.724295600965766,0.929844465576501,1,0,59.0032993397643
29938,1,0,1,0,2.30636720343372,2.76592973316757,1,0,NA
29941,0,1,0,0,1.42720924139553,1.65314046436734,1,1,NA
29949,1,0,0,0,-0.782276932699156,0.465350655177281,1,0,57.4051550642499
29968,1,0,0,0,1.72009339053497,1.44980263174388,1,0,31.0269391121885
29975,1,0,1,0,1.55470957431598,1.03001504751585,0,0,59.6657269893474
29981,1,0,0,0,1.78854196581671,1.33296117479955,0,0,6.05311232993265
29990,1,0,1,0,-0.132929744250491,1.19255419492771,1,0,25.3281338544749
